{"level":"info","message":"Veramo agent initialized successfully for strict identity mobility","service":"signatrust-backend","timestamp":"2024-07-20T16:36:46.518Z"}
{"level":"info","message":"Server is running on port 3000","service":"signatrust-backend","timestamp":"2024-07-20T16:36:46.551Z"}
{"level":"info","message":"Database connection initialized successfully","service":"signatrust-backend","timestamp":"2024-07-20T16:36:46.694Z"}
{"level":"error","message":"Error during initialization: Connection error: ","name":"KafkaJSNumberOfRetriesExceeded","retriable":false,"retryCount":5,"retryTime":6414,"service":"signatrust-backend","stack":"KafkaJSNonRetriableError\n  Caused by: KafkaJSConnectionError: Connection error: \n    at Socket.onError (C:\\Source\\signatrust_backend\\node_modules\\kafkajs\\src\\network\\connection.js:210:23)\n    at Socket.emit (node:events:514:28)\n    at emitErrorNT (node:internal/streams/destroy:151:8)\n    at emitErrorCloseNT (node:internal/streams/destroy:116:3)\n    at process.processTicksAndRejections (node:internal/process/task_queues:82:21)","timestamp":"2024-07-20T16:36:52.951Z"}
{"level":"error","message":"Failed to initialize Azure Queue Service Client: AZURE_STORAGE_CONNECTION_STRING is not set in the environment variables","service":"signatrust-backend","stack":"Error: AZURE_STORAGE_CONNECTION_STRING is not set in the environment variables\n    at file:///C:/Source/signatrust_backend/dist/config/veramo.mjs:26:15\n    at ModuleJob.run (node:internal/modules/esm/module_job:217:25)\n    at async ModuleLoader.import (node:internal/modules/esm/loader:316:24)\n    at async loadESM (node:internal/process/esm_loader:34:7)\n    at async handleMainPromise (node:internal/modules/run_main:66:12)","timestamp":"2024-07-20T19:10:20.603Z"}
{"level":"info","message":"Veramo agent initialized successfully for strict identity mobility","service":"signatrust-backend","timestamp":"2024-07-20T19:10:20.759Z"}
{"level":"info","message":"Server is running on port 3000","service":"signatrust-backend","timestamp":"2024-07-20T19:10:20.777Z"}
{"level":"info","message":"Database connection initialized successfully","service":"signatrust-backend","timestamp":"2024-07-20T19:10:20.911Z"}
{"level":"error","message":"Failed to initialize Azure Queue Service Client: AZURE_STORAGE_CONNECTION_STRING is not set in the environment variables","service":"signatrust-backend","stack":"Error: AZURE_STORAGE_CONNECTION_STRING is not set in the environment variables\n    at file:///C:/Source/signatrust_backend/dist/config/veramo.mjs:26:15\n    at ModuleJob.run (node:internal/modules/esm/module_job:217:25)\n    at async ModuleLoader.import (node:internal/modules/esm/loader:316:24)\n    at async loadESM (node:internal/process/esm_loader:34:7)\n    at async handleMainPromise (node:internal/modules/run_main:66:12)","timestamp":"2024-07-20T19:31:25.144Z"}
{"level":"info","message":"Veramo agent initialized successfully for strict identity mobility","service":"signatrust-backend","timestamp":"2024-07-20T19:31:25.328Z"}
{"level":"info","message":"Server is running on port 3000","service":"signatrust-backend","timestamp":"2024-07-20T19:31:25.344Z"}
{"level":"info","message":"Database connection initialized successfully","service":"signatrust-backend","timestamp":"2024-07-20T19:31:25.477Z"}
{"level":"error","message":"Failed to initialize Azure Queue Service Client: AZURE_STORAGE_CONNECTION_STRING is not set in the environment variables","service":"signatrust-backend","stack":"Error: AZURE_STORAGE_CONNECTION_STRING is not set in the environment variables\n    at file:///C:/Source/signatrust_backend/dist/config/veramo.mjs:26:15\n    at ModuleJob.run (node:internal/modules/esm/module_job:217:25)\n    at async ModuleLoader.import (node:internal/modules/esm/loader:316:24)\n    at async loadESM (node:internal/process/esm_loader:34:7)\n    at async handleMainPromise (node:internal/modules/run_main:66:12)","timestamp":"2024-07-20T19:31:46.648Z"}
{"level":"info","message":"Veramo agent initialized successfully for strict identity mobility","service":"signatrust-backend","timestamp":"2024-07-20T19:31:46.791Z"}
{"level":"info","message":"Server is running on port 3000","service":"signatrust-backend","timestamp":"2024-07-20T19:31:46.805Z"}
{"level":"info","message":"Database connection initialized successfully","service":"signatrust-backend","timestamp":"2024-07-20T19:31:46.922Z"}
{"level":"info","message":"Initializing Azure Queue Service Client","service":"signatrust-backend","timestamp":"2024-07-20T19:37:23.648Z"}
{"level":"info","message":"Veramo agent initialized successfully for strict identity mobility","service":"signatrust-backend","timestamp":"2024-07-20T19:37:23.858Z"}
{"level":"info","message":"Server is running on port 3000","service":"signatrust-backend","timestamp":"2024-07-20T19:37:24.057Z"}
{"level":"info","message":"Database connection initialized successfully","service":"signatrust-backend","timestamp":"2024-07-20T19:37:24.243Z"}
{"level":"info","message":"Azure Queue \"identity-tasks\" is ready","service":"signatrust-backend","timestamp":"2024-07-20T19:37:24.278Z"}
{"level":"info","message":"Initializing Azure Queue Service Client","service":"signatrust-backend","timestamp":"2024-07-20T19:40:22.159Z"}
{"level":"info","message":"Veramo agent initialized successfully for strict identity mobility","service":"signatrust-backend","timestamp":"2024-07-20T19:40:22.349Z"}
{"level":"info","message":"Server is running on port 3000","service":"signatrust-backend","timestamp":"2024-07-20T19:40:22.475Z"}
{"level":"info","message":"Database connection initialized successfully","service":"signatrust-backend","timestamp":"2024-07-20T19:40:22.595Z"}
{"level":"info","message":"Azure Queue \"identity-tasks\" is ready","service":"signatrust-backend","timestamp":"2024-07-20T19:40:22.656Z"}
{"level":"info","message":"Initializing Azure Queue Service Client","service":"signatrust-backend","timestamp":"2024-07-21T03:41:22.443Z"}
{"level":"info","message":"Veramo agent initialized successfully for strict identity mobility","service":"signatrust-backend","timestamp":"2024-07-21T03:41:22.635Z"}
{"level":"info","message":"Server is running on port 3000","service":"signatrust-backend","timestamp":"2024-07-21T03:41:22.794Z"}
{"level":"info","message":"Database connection initialized successfully","service":"signatrust-backend","timestamp":"2024-07-21T03:41:22.915Z"}
{"level":"info","message":"Azure Queue \"identity-tasks\" is ready","service":"signatrust-backend","timestamp":"2024-07-21T03:41:23.463Z"}
{"level":"info","message":"Initializing Azure Queue Service Client","service":"signatrust-backend","timestamp":"2024-07-21T13:29:53.676Z"}
{"level":"info","message":"Veramo agent initialized successfully for strict identity mobility","service":"signatrust-backend","timestamp":"2024-07-21T13:29:53.902Z"}
{"level":"info","message":"Server is running on port 3000","service":"signatrust-backend","timestamp":"2024-07-21T13:29:54.098Z"}
{"level":"info","message":"Database connection initialized successfully","service":"signatrust-backend","timestamp":"2024-07-21T13:29:54.272Z"}
{"level":"info","message":"Azure Queue \"identity-tasks\" is ready","service":"signatrust-backend","timestamp":"2024-07-21T13:29:54.342Z"}
{"level":"info","message":"Initializing Azure Queue Service Client","service":"signatrust-backend","timestamp":"2024-07-21T14:54:24.465Z"}
{"level":"info","message":"Veramo agent initialized successfully for strict identity mobility","service":"signatrust-backend","timestamp":"2024-07-21T14:54:24.745Z"}
{"level":"info","message":"Server is running on port 3000","service":"signatrust-backend","timestamp":"2024-07-21T14:54:24.977Z"}
{"level":"info","message":"Database connection initialized successfully","service":"signatrust-backend","timestamp":"2024-07-21T14:54:25.150Z"}
{"level":"info","message":"Azure Queue \"identity-tasks\" is ready","service":"signatrust-backend","timestamp":"2024-07-21T14:54:25.189Z"}
{"level":"info","message":"Identity created: did:ethr:0x03cd264e0712f6edc52cccd66596a96f2c5b3e94aed8e1416403c5616cfea00b73","service":"signatrust-backend","timestamp":"2024-07-21T15:00:32.086Z"}
{"level":"info","message":"Task added to Azure Queue successfully","service":"signatrust-backend","timestamp":"2024-07-21T15:00:32.270Z"}
{"level":"info","message":"Identity created: did:ethr:0x031207601473f548a5c3739b2bc286c8eb76aa2efdc3d5e2ae3765f29c5043ad83","service":"signatrust-backend","timestamp":"2024-07-21T15:20:02.938Z"}
{"level":"info","message":"Task added to Azure Queue successfully","service":"signatrust-backend","timestamp":"2024-07-21T15:20:03.137Z"}
{"level":"info","message":"Initializing Azure Queue Service Client","service":"signatrust-backend","timestamp":"2024-07-21T17:43:48.618Z"}
{"level":"info","message":"Veramo agent initialized successfully for strict identity mobility","service":"signatrust-backend","timestamp":"2024-07-21T17:43:49.167Z"}
{"level":"info","message":"Server is running on port 3000","service":"signatrust-backend","timestamp":"2024-07-21T17:43:49.318Z"}
{"level":"info","message":"Database connection initialized successfully","service":"signatrust-backend","timestamp":"2024-07-21T17:43:49.477Z"}
{"level":"info","message":"Azure Queue \"identity-tasks\" is ready","service":"signatrust-backend","timestamp":"2024-07-21T17:43:49.508Z"}
{"level":"info","message":"Initializing Azure Queue Service Client","service":"signatrust-backend","timestamp":"2024-07-21T18:07:56.787Z"}
{"level":"info","message":"Veramo agent initialized successfully for strict identity mobility","service":"signatrust-backend","timestamp":"2024-07-21T18:07:57.063Z"}
{"level":"info","message":"Server is running on port 3000","service":"signatrust-backend","timestamp":"2024-07-21T18:07:57.215Z"}
{"level":"info","message":"Database connection initialized successfully","service":"signatrust-backend","timestamp":"2024-07-21T18:07:57.359Z"}
{"level":"info","message":"Azure Queue \"identity-tasks\" is ready","service":"signatrust-backend","timestamp":"2024-07-21T18:07:57.389Z"}
{"error":{},"level":"error","message":"Failed to retrieve identity: did:ethr:0x031207601473f548a5c3739b2bc286c8eb76aa2efdc3d5e2ae3765f29c5043ad83","service":"signatrust-backend","timestamp":"2024-07-21T18:08:28.682Z"}
{"error":{"isOperational":true,"statusCode":404},"level":"error","message":"Login failed for identity: did:ethr:0x031207601473f548a5c3739b2bc286c8eb76aa2efdc3d5e2ae3765f29c5043ad83","service":"signatrust-backend","timestamp":"2024-07-21T18:08:28.684Z"}
{"0":"L","1":"o","10":"e","11":"d","2":"g","3":"i","4":"n","5":" ","6":"f","7":"a","8":"i","9":"l","level":"error","message":"Error during login:","service":"signatrust-backend","timestamp":"2024-07-21T18:08:28.685Z"}
{"level":"info","message":"Initializing Azure Queue Service Client","service":"signatrust-backend","timestamp":"2024-07-22T21:15:13.942Z"}
{"level":"info","message":"Veramo agent initialized successfully for strict identity mobility","service":"signatrust-backend","timestamp":"2024-07-22T21:15:14.095Z"}
{"level":"info","message":"Server is running on port 3002","service":"signatrust-backend","timestamp":"2024-07-22T21:15:14.228Z"}
{"level":"info","message":"Database connection initialized successfully","service":"signatrust-backend","timestamp":"2024-07-22T21:15:14.374Z"}
{"level":"info","message":"Azure Queue \"identity-tasks\" is ready","service":"signatrust-backend","timestamp":"2024-07-22T21:15:14.419Z"}
{"level":"info","message":"Initializing Azure Queue Service Client","service":"signatrust-backend","timestamp":"2024-07-22T21:46:41.033Z"}
{"level":"info","message":"Veramo agent initialized successfully for strict identity mobility","service":"signatrust-backend","timestamp":"2024-07-22T21:46:41.227Z"}
{"level":"info","message":"Server is running on port 3002","service":"signatrust-backend","timestamp":"2024-07-22T21:46:41.371Z"}
{"level":"info","message":"Database connection initialized successfully","service":"signatrust-backend","timestamp":"2024-07-22T21:46:41.545Z"}
{"level":"info","message":"Azure Queue \"identity-tasks\" is ready","service":"signatrust-backend","timestamp":"2024-07-22T21:46:41.590Z"}
{"level":"info","message":"Initializing Azure Queue Service Client","service":"signatrust-backend","timestamp":"2024-07-22T21:56:57.346Z"}
{"level":"info","message":"Veramo agent initialized successfully for strict identity mobility","service":"signatrust-backend","timestamp":"2024-07-22T21:56:57.525Z"}
{"level":"info","message":"Server is running on port 3002","service":"signatrust-backend","timestamp":"2024-07-22T21:56:57.673Z"}
{"level":"info","message":"Database connection initialized successfully","service":"signatrust-backend","timestamp":"2024-07-22T21:56:57.803Z"}
{"level":"info","message":"Azure Queue \"identity-tasks\" is ready","service":"signatrust-backend","timestamp":"2024-07-22T21:56:57.854Z"}
{"level":"info","message":"Initializing Azure Queue Service Client","service":"signatrust-backend","timestamp":"2024-07-22T23:08:43.876Z"}
{"level":"info","message":"Veramo agent initialized successfully for strict identity mobility","service":"signatrust-backend","timestamp":"2024-07-22T23:08:44.208Z"}
{"level":"info","message":"Server is running on port 3002","service":"signatrust-backend","timestamp":"2024-07-22T23:08:44.468Z"}
{"level":"info","message":"Database connection initialized successfully","service":"signatrust-backend","timestamp":"2024-07-22T23:08:44.651Z"}
{"level":"info","message":"Azure Queue \"identity-tasks\" is ready","service":"signatrust-backend","timestamp":"2024-07-22T23:08:44.668Z"}
{"level":"info","message":"Initializing Azure Queue Service Client","service":"signatrust-backend","timestamp":"2024-07-22T23:17:57.086Z"}
{"level":"info","message":"Veramo agent initialized successfully for strict identity mobility","service":"signatrust-backend","timestamp":"2024-07-22T23:17:57.273Z"}
{"level":"info","message":"Server is running on port 3000","service":"signatrust-backend","timestamp":"2024-07-22T23:17:57.421Z"}
{"level":"info","message":"Database connection initialized successfully","service":"signatrust-backend","timestamp":"2024-07-22T23:17:57.566Z"}
{"level":"info","message":"Azure Queue \"identity-tasks\" is ready","service":"signatrust-backend","timestamp":"2024-07-22T23:17:57.605Z"}
{"level":"info","message":"Initializing Azure Queue Service Client","service":"signatrust-backend","timestamp":"2024-07-23T00:05:02.503Z"}
{"level":"info","message":"Veramo agent initialized successfully for strict identity mobility","service":"signatrust-backend","timestamp":"2024-07-23T00:05:02.667Z"}
{"level":"info","message":"Server is running on port 3005","service":"signatrust-backend","timestamp":"2024-07-23T00:05:02.795Z"}
{"level":"info","message":"Database connection initialized successfully","service":"signatrust-backend","timestamp":"2024-07-23T00:05:02.946Z"}
{"level":"info","message":"Azure Queue \"identity-tasks\" is ready","service":"signatrust-backend","timestamp":"2024-07-23T00:05:02.977Z"}
{"level":"info","message":"Initializing Azure Queue Service Client","service":"signatrust-backend","timestamp":"2024-07-23T00:07:25.186Z"}
{"level":"info","message":"Veramo agent initialized successfully for strict identity mobility","service":"signatrust-backend","timestamp":"2024-07-23T00:07:25.367Z"}
{"level":"info","message":"Server is running on port 3000","service":"signatrust-backend","timestamp":"2024-07-23T00:07:25.500Z"}
{"level":"info","message":"Database connection initialized successfully","service":"signatrust-backend","timestamp":"2024-07-23T00:07:25.642Z"}
{"level":"info","message":"Azure Queue \"identity-tasks\" is ready","service":"signatrust-backend","timestamp":"2024-07-23T00:07:25.707Z"}
{"level":"info","message":"Initializing Azure Queue Service Client","service":"signatrust-backend","timestamp":"2024-07-23T00:19:22.531Z"}
{"level":"info","message":"Veramo agent initialized successfully for strict identity mobility","service":"signatrust-backend","timestamp":"2024-07-23T00:19:22.705Z"}
{"level":"info","message":"Server is running on port 3000","service":"signatrust-backend","timestamp":"2024-07-23T00:19:22.850Z"}
{"level":"info","message":"Database connection initialized successfully","service":"signatrust-backend","timestamp":"2024-07-23T00:19:23.010Z"}
{"level":"info","message":"Azure Queue \"identity-tasks\" is ready","service":"signatrust-backend","timestamp":"2024-07-23T00:19:23.048Z"}
{"level":"info","message":"Initializing Azure Queue Service Client","service":"signatrust-backend","timestamp":"2024-07-23T00:21:52.469Z"}
{"level":"info","message":"Veramo agent initialized successfully for strict identity mobility","service":"signatrust-backend","timestamp":"2024-07-23T00:21:52.641Z"}
{"level":"info","message":"Server is running on port 3000","service":"signatrust-backend","timestamp":"2024-07-23T00:21:52.770Z"}
{"level":"info","message":"Database connection initialized successfully","service":"signatrust-backend","timestamp":"2024-07-23T00:21:52.921Z"}
{"level":"info","message":"Azure Queue \"identity-tasks\" is ready","service":"signatrust-backend","timestamp":"2024-07-23T00:21:52.963Z"}
{"level":"info","message":"[2024-07-23T00:22:00.889Z] POST /api/identity/create","service":"signatrust-backend","timestamp":"2024-07-23T00:22:00.889Z"}
{"accept":"application/json, text/plain, */*","accept-encoding":"gzip, deflate, br, zstd","accept-language":"en-US,en;q=0.9","connection":"keep-alive","content-length":"53","content-type":"application/json","host":"localhost:3000","level":"info","message":"Request headers:","origin":"http://localhost:3001","referer":"http://localhost:3001/","sec-fetch-dest":"empty","sec-fetch-mode":"cors","sec-fetch-site":"same-site","service":"signatrust-backend","timestamp":"2024-07-23T00:22:00.891Z","user-agent":"Mozilla/5.0 (iPhone; CPU iPhone OS 16_6 like Mac OS X) AppleWebKit/605.1.15 (KHTML, like Gecko) Version/16.6 Mobile/15E148 Safari/604.1"}
{"level":"info","message":"Identity created: did:ethr:0x03d1f35dc1e70190e1514c6b8a71075379d5beb1a7feaae4bed4ea95bb9f76b2bb","service":"signatrust-backend","timestamp":"2024-07-23T00:22:01.065Z"}
{"level":"info","message":"[2024-07-23T00:53:45.478Z] POST /api/api/login","service":"signatrust-backend","timestamp":"2024-07-23T00:53:45.478Z"}
{"accept":"application/json, text/plain, */*","accept-encoding":"gzip, deflate, br, zstd","accept-language":"en-US,en;q=0.9","connection":"keep-alive","content-length":"87","content-type":"application/json","host":"localhost:3000","level":"info","message":"Request headers:","origin":"http://localhost:3001","referer":"http://localhost:3001/","sec-fetch-dest":"empty","sec-fetch-mode":"cors","sec-fetch-site":"same-site","service":"signatrust-backend","timestamp":"2024-07-23T00:53:45.484Z","user-agent":"Mozilla/5.0 (iPhone; CPU iPhone OS 16_6 like Mac OS X) AppleWebKit/605.1.15 (KHTML, like Gecko) Version/16.6 Mobile/15E148 Safari/604.1"}
{"level":"info","message":"[2024-07-23T01:12:46.463Z] POST /api/api/login","service":"signatrust-backend","timestamp":"2024-07-23T01:12:46.463Z"}
{"accept":"application/json, text/plain, */*","accept-encoding":"gzip, deflate, br, zstd","accept-language":"en-US,en;q=0.9","connection":"keep-alive","content-length":"87","content-type":"application/json","host":"localhost:3000","level":"info","message":"Request headers:","origin":"http://localhost:3001","referer":"http://localhost:3001/","sec-fetch-dest":"empty","sec-fetch-mode":"cors","sec-fetch-site":"same-site","service":"signatrust-backend","timestamp":"2024-07-23T01:12:46.466Z","user-agent":"Mozilla/5.0 (iPhone; CPU iPhone OS 16_6 like Mac OS X) AppleWebKit/605.1.15 (KHTML, like Gecko) Version/16.6 Mobile/15E148 Safari/604.1"}
{"level":"info","message":"[2024-07-23T01:12:47.458Z] POST /api/api/login","service":"signatrust-backend","timestamp":"2024-07-23T01:12:47.458Z"}
{"accept":"application/json, text/plain, */*","accept-encoding":"gzip, deflate, br, zstd","accept-language":"en-US,en;q=0.9","connection":"keep-alive","content-length":"87","content-type":"application/json","host":"localhost:3000","level":"info","message":"Request headers:","origin":"http://localhost:3001","referer":"http://localhost:3001/","sec-fetch-dest":"empty","sec-fetch-mode":"cors","sec-fetch-site":"same-site","service":"signatrust-backend","timestamp":"2024-07-23T01:12:47.459Z","user-agent":"Mozilla/5.0 (iPhone; CPU iPhone OS 16_6 like Mac OS X) AppleWebKit/605.1.15 (KHTML, like Gecko) Version/16.6 Mobile/15E148 Safari/604.1"}
{"level":"info","message":"[2024-07-23T01:12:53.445Z] POST /api/identity/login","service":"signatrust-backend","timestamp":"2024-07-23T01:12:53.445Z"}
{"accept":"application/json, text/plain, */*","accept-encoding":"gzip, deflate, br, zstd","accept-language":"en-US,en;q=0.9","connection":"keep-alive","content-length":"87","content-type":"application/json","host":"localhost:3000","level":"info","message":"Request headers:","origin":"http://localhost:3001","referer":"http://localhost:3001/","sec-fetch-dest":"empty","sec-fetch-mode":"cors","sec-fetch-site":"same-site","service":"signatrust-backend","timestamp":"2024-07-23T01:12:53.449Z","user-agent":"Mozilla/5.0 (iPhone; CPU iPhone OS 16_6 like Mac OS X) AppleWebKit/605.1.15 (KHTML, like Gecko) Version/16.6 Mobile/15E148 Safari/604.1"}
{"level":"info","message":"Identity retrieved: did:ethr:0x03d1f35dc1e70190e1514c6b8a71075379d5beb1a7feaae4bed4ea95bb9f76b2bb","service":"signatrust-backend","timestamp":"2024-07-23T01:12:53.476Z"}
{"level":"info","message":"Login successful for identity: did:ethr:0x03d1f35dc1e70190e1514c6b8a71075379d5beb1a7feaae4bed4ea95bb9f76b2bb","service":"signatrust-backend","timestamp":"2024-07-23T01:12:53.478Z"}
{"level":"info","message":"[2024-07-23T01:12:53.607Z] GET /api/api/user","service":"signatrust-backend","timestamp":"2024-07-23T01:12:53.607Z"}
{"accept":"application/json, text/plain, */*","accept-encoding":"gzip, deflate, br, zstd","accept-language":"en-US,en;q=0.9","connection":"keep-alive","host":"localhost:3000","level":"info","message":"Request headers:","origin":"http://localhost:3001","referer":"http://localhost:3001/","sec-fetch-dest":"empty","sec-fetch-mode":"cors","sec-fetch-site":"same-site","service":"signatrust-backend","timestamp":"2024-07-23T01:12:53.610Z","user-agent":"Mozilla/5.0 (iPhone; CPU iPhone OS 16_6 like Mac OS X) AppleWebKit/605.1.15 (KHTML, like Gecko) Version/16.6 Mobile/15E148 Safari/604.1"}
{"level":"info","message":"[2024-07-23T01:32:25.948Z] POST /api/identity/login","service":"signatrust-backend","timestamp":"2024-07-23T01:32:25.948Z"}
{"accept":"application/json, text/plain, */*","accept-encoding":"gzip, deflate, br, zstd","accept-language":"en-US,en;q=0.9","connection":"keep-alive","content-length":"87","content-type":"application/json","host":"localhost:3000","level":"info","message":"Request headers:","origin":"http://localhost:3001","referer":"http://localhost:3001/","sec-fetch-dest":"empty","sec-fetch-mode":"cors","sec-fetch-site":"same-site","service":"signatrust-backend","timestamp":"2024-07-23T01:32:25.950Z","user-agent":"Mozilla/5.0 (iPhone; CPU iPhone OS 16_6 like Mac OS X) AppleWebKit/605.1.15 (KHTML, like Gecko) Version/16.6 Mobile/15E148 Safari/604.1"}
{"level":"info","message":"Identity retrieved: did:ethr:0x03d1f35dc1e70190e1514c6b8a71075379d5beb1a7feaae4bed4ea95bb9f76b2bb","service":"signatrust-backend","timestamp":"2024-07-23T01:32:25.960Z"}
{"level":"info","message":"Login successful for identity: did:ethr:0x03d1f35dc1e70190e1514c6b8a71075379d5beb1a7feaae4bed4ea95bb9f76b2bb","service":"signatrust-backend","timestamp":"2024-07-23T01:32:25.961Z"}
{"level":"info","message":"[2024-07-23T01:40:08.124Z] POST /api/identity/login","service":"signatrust-backend","timestamp":"2024-07-23T01:40:08.124Z"}
{"accept":"application/json, text/plain, */*","accept-encoding":"gzip, deflate, br, zstd","accept-language":"en-US,en;q=0.9","connection":"keep-alive","content-length":"87","content-type":"application/json","host":"localhost:3000","level":"info","message":"Request headers:","origin":"http://localhost:3001","referer":"http://localhost:3001/","sec-fetch-dest":"empty","sec-fetch-mode":"cors","sec-fetch-site":"same-site","service":"signatrust-backend","timestamp":"2024-07-23T01:40:08.126Z","user-agent":"Mozilla/5.0 (iPhone; CPU iPhone OS 16_6 like Mac OS X) AppleWebKit/605.1.15 (KHTML, like Gecko) Version/16.6 Mobile/15E148 Safari/604.1"}
{"level":"info","message":"Identity retrieved: did:ethr:0x03d1f35dc1e70190e1514c6b8a71075379d5beb1a7feaae4bed4ea95bb9f76b2bb","service":"signatrust-backend","timestamp":"2024-07-23T01:40:08.146Z"}
{"level":"info","message":"Login successful for identity: did:ethr:0x03d1f35dc1e70190e1514c6b8a71075379d5beb1a7feaae4bed4ea95bb9f76b2bb","service":"signatrust-backend","timestamp":"2024-07-23T01:40:08.147Z"}
{"level":"info","message":"[2024-07-23T01:40:18.380Z] POST /api/identity/login","service":"signatrust-backend","timestamp":"2024-07-23T01:40:18.381Z"}
{"accept":"application/json, text/plain, */*","accept-encoding":"gzip, deflate, br, zstd","accept-language":"en-US,en;q=0.9","connection":"keep-alive","content-length":"87","content-type":"application/json","host":"localhost:3000","level":"info","message":"Request headers:","origin":"http://localhost:3001","referer":"http://localhost:3001/","sec-fetch-dest":"empty","sec-fetch-mode":"cors","sec-fetch-site":"same-site","service":"signatrust-backend","timestamp":"2024-07-23T01:40:18.383Z","user-agent":"Mozilla/5.0 (iPhone; CPU iPhone OS 16_6 like Mac OS X) AppleWebKit/605.1.15 (KHTML, like Gecko) Version/16.6 Mobile/15E148 Safari/604.1"}
{"error":{},"level":"error","message":"Failed to retrieve identity: did:ethr:0x03cd264e0712f6edc52cccd66596a96f2c5b3e94aed8e1416403c5616cfea00b73","service":"signatrust-backend","timestamp":"2024-07-23T01:40:18.390Z"}
{"error":{"isOperational":true,"statusCode":404},"level":"error","message":"Login failed for identity: did:ethr:0x03cd264e0712f6edc52cccd66596a96f2c5b3e94aed8e1416403c5616cfea00b73","service":"signatrust-backend","timestamp":"2024-07-23T01:40:18.394Z"}
{"level":"info","message":"[2024-07-23T01:40:21.493Z] POST /api/identity/login","service":"signatrust-backend","timestamp":"2024-07-23T01:40:21.493Z"}
{"accept":"application/json, text/plain, */*","accept-encoding":"gzip, deflate, br, zstd","accept-language":"en-US,en;q=0.9","connection":"keep-alive","content-length":"87","content-type":"application/json","host":"localhost:3000","level":"info","message":"Request headers:","origin":"http://localhost:3001","referer":"http://localhost:3001/","sec-fetch-dest":"empty","sec-fetch-mode":"cors","sec-fetch-site":"same-site","service":"signatrust-backend","timestamp":"2024-07-23T01:40:21.494Z","user-agent":"Mozilla/5.0 (iPhone; CPU iPhone OS 16_6 like Mac OS X) AppleWebKit/605.1.15 (KHTML, like Gecko) Version/16.6 Mobile/15E148 Safari/604.1"}
{"error":{},"level":"error","message":"Failed to retrieve identity: did:ethr:0x03cd264e0712f6edc52cccd66596a96f2c5b3e94aed8e1416403c5616cfea00b73","service":"signatrust-backend","timestamp":"2024-07-23T01:40:21.499Z"}
{"error":{"isOperational":true,"statusCode":404},"level":"error","message":"Login failed for identity: did:ethr:0x03cd264e0712f6edc52cccd66596a96f2c5b3e94aed8e1416403c5616cfea00b73","service":"signatrust-backend","timestamp":"2024-07-23T01:40:21.501Z"}
{"level":"info","message":"[2024-07-23T01:40:34.725Z] POST /api/identity/login","service":"signatrust-backend","timestamp":"2024-07-23T01:40:34.725Z"}
{"accept":"application/json, text/plain, */*","accept-encoding":"gzip, deflate, br, zstd","accept-language":"en-US,en;q=0.9","connection":"keep-alive","content-length":"87","content-type":"application/json","host":"localhost:3000","level":"info","message":"Request headers:","origin":"http://localhost:3001","referer":"http://localhost:3001/","sec-fetch-dest":"empty","sec-fetch-mode":"cors","sec-fetch-site":"same-site","service":"signatrust-backend","timestamp":"2024-07-23T01:40:34.727Z","user-agent":"Mozilla/5.0 (iPhone; CPU iPhone OS 16_6 like Mac OS X) AppleWebKit/605.1.15 (KHTML, like Gecko) Version/16.6 Mobile/15E148 Safari/604.1"}
{"error":{},"level":"error","message":"Failed to retrieve identity: did:ethr:0x03cd264e0712f6edc52cccd66596a96f2c5b3e94aed8e1416403c5616cfea00b73","service":"signatrust-backend","timestamp":"2024-07-23T01:40:34.737Z"}
{"error":{"isOperational":true,"statusCode":404},"level":"error","message":"Login failed for identity: did:ethr:0x03cd264e0712f6edc52cccd66596a96f2c5b3e94aed8e1416403c5616cfea00b73","service":"signatrust-backend","timestamp":"2024-07-23T01:40:34.738Z"}
{"level":"info","message":"[2024-07-23T01:40:41.632Z] POST /api/identity/login","service":"signatrust-backend","timestamp":"2024-07-23T01:40:41.633Z"}
{"accept":"application/json, text/plain, */*","accept-encoding":"gzip, deflate, br, zstd","accept-language":"en-US,en;q=0.9","connection":"keep-alive","content-length":"87","content-type":"application/json","host":"localhost:3000","level":"info","message":"Request headers:","origin":"http://localhost:3001","referer":"http://localhost:3001/","sec-fetch-dest":"empty","sec-fetch-mode":"cors","sec-fetch-site":"same-site","service":"signatrust-backend","timestamp":"2024-07-23T01:40:41.635Z","user-agent":"Mozilla/5.0 (iPhone; CPU iPhone OS 16_6 like Mac OS X) AppleWebKit/605.1.15 (KHTML, like Gecko) Version/16.6 Mobile/15E148 Safari/604.1"}
{"error":{},"level":"error","message":"Failed to retrieve identity: did:ethr:0x03cd264e0712f6edc52cccd66596a96f2c5b3e94aed8e1416403c5616cfea00b73","service":"signatrust-backend","timestamp":"2024-07-23T01:40:41.646Z"}
{"error":{"isOperational":true,"statusCode":404},"level":"error","message":"Login failed for identity: did:ethr:0x03cd264e0712f6edc52cccd66596a96f2c5b3e94aed8e1416403c5616cfea00b73","service":"signatrust-backend","timestamp":"2024-07-23T01:40:41.647Z"}
{"level":"info","message":"[2024-07-23T01:40:48.656Z] POST /api/identity/login","service":"signatrust-backend","timestamp":"2024-07-23T01:40:48.656Z"}
{"accept":"application/json, text/plain, */*","accept-encoding":"gzip, deflate, br, zstd","accept-language":"en-US,en;q=0.9","connection":"keep-alive","content-length":"87","content-type":"application/json","host":"localhost:3000","level":"info","message":"Request headers:","origin":"http://localhost:3001","referer":"http://localhost:3001/","sec-fetch-dest":"empty","sec-fetch-mode":"cors","sec-fetch-site":"same-site","service":"signatrust-backend","timestamp":"2024-07-23T01:40:48.658Z","user-agent":"Mozilla/5.0 (iPhone; CPU iPhone OS 16_6 like Mac OS X) AppleWebKit/605.1.15 (KHTML, like Gecko) Version/16.6 Mobile/15E148 Safari/604.1"}
{"level":"info","message":"Identity retrieved: did:ethr:0x03d1f35dc1e70190e1514c6b8a71075379d5beb1a7feaae4bed4ea95bb9f76b2bb","service":"signatrust-backend","timestamp":"2024-07-23T01:40:48.668Z"}
{"level":"info","message":"Login successful for identity: did:ethr:0x03d1f35dc1e70190e1514c6b8a71075379d5beb1a7feaae4bed4ea95bb9f76b2bb","service":"signatrust-backend","timestamp":"2024-07-23T01:40:48.669Z"}
{"level":"info","message":"Initializing Azure Queue Service Client","service":"signatrust-backend","timestamp":"2024-07-24T03:46:21.610Z"}
{"level":"info","message":"Veramo agent initialized successfully for strict identity mobility","service":"signatrust-backend","timestamp":"2024-07-24T03:46:21.764Z"}
{"level":"info","message":"Server is running on port 3000","service":"signatrust-backend","timestamp":"2024-07-24T03:46:21.887Z"}
{"level":"info","message":"Database connection initialized successfully","service":"signatrust-backend","timestamp":"2024-07-24T03:46:22.017Z"}
{"level":"info","message":"Azure Queue \"identity-tasks\" is ready","service":"signatrust-backend","timestamp":"2024-07-24T03:46:22.284Z"}
{"level":"info","message":"Initializing Azure Queue Service Client","service":"signatrust-backend","timestamp":"2024-07-24T14:50:57.004Z"}
{"level":"info","message":"Veramo agent initialized successfully for strict identity mobility","service":"signatrust-backend","timestamp":"2024-07-24T14:50:57.224Z"}
{"level":"info","message":"Server is running on port 3000","service":"signatrust-backend","timestamp":"2024-07-24T14:50:57.444Z"}
{"level":"info","message":"Azure Queue \"identity-tasks\" is ready","service":"signatrust-backend","timestamp":"2024-07-24T14:50:57.660Z"}
{"level":"info","message":"Database connection initialized successfully","service":"signatrust-backend","timestamp":"2024-07-24T14:50:57.701Z"}
{"level":"info","message":"[2024-07-24T14:51:23.525Z] POST /api/identity/create","service":"signatrust-backend","timestamp":"2024-07-24T14:51:23.525Z"}
{"accept":"application/json, text/plain, */*","accept-encoding":"gzip, deflate, br, zstd","accept-language":"en-US,en;q=0.9","connection":"keep-alive","content-length":"53","content-type":"application/json","host":"localhost:3000","level":"info","message":"Request headers:","origin":"http://localhost:3001","referer":"http://localhost:3001/","sec-fetch-dest":"empty","sec-fetch-mode":"cors","sec-fetch-site":"same-site","service":"signatrust-backend","timestamp":"2024-07-24T14:51:23.527Z","user-agent":"Mozilla/5.0 (iPhone; CPU iPhone OS 16_6 like Mac OS X) AppleWebKit/605.1.15 (KHTML, like Gecko) Version/16.6 Mobile/15E148 Safari/604.1"}
{"level":"info","message":"Identity created: did:ethr:0x0267b7cf8edf05370c619dc555fe72830d6ecf07e3f9e32b0494162deeb53c1466","service":"signatrust-backend","timestamp":"2024-07-24T14:51:23.694Z"}
{"level":"info","message":"Task added to Azure Queue successfully","service":"signatrust-backend","timestamp":"2024-07-24T14:51:23.735Z"}
{"level":"info","message":"[2024-07-24T14:51:45.878Z] POST /api/identity/login","service":"signatrust-backend","timestamp":"2024-07-24T14:51:45.879Z"}
{"accept":"application/json, text/plain, */*","accept-encoding":"gzip, deflate, br, zstd","accept-language":"en-US,en;q=0.9","connection":"keep-alive","content-length":"87","content-type":"application/json","host":"localhost:3000","level":"info","message":"Request headers:","origin":"http://localhost:3001","referer":"http://localhost:3001/","sec-fetch-dest":"empty","sec-fetch-mode":"cors","sec-fetch-site":"same-site","service":"signatrust-backend","timestamp":"2024-07-24T14:51:45.917Z","user-agent":"Mozilla/5.0 (iPhone; CPU iPhone OS 16_6 like Mac OS X) AppleWebKit/605.1.15 (KHTML, like Gecko) Version/16.6 Mobile/15E148 Safari/604.1"}
{"level":"info","message":"Retrieving DID from Solana: did:ethr:0x0267b7cf8edf05370c619dc555fe72830d6ecf07e3f9e32b0494162deeb53c1466","service":"signatrust-backend","timestamp":"2024-07-24T14:51:45.980Z"}
{"level":"info","message":"DID not found on Solana: did:ethr:0x0267b7cf8edf05370c619dc555fe72830d6ecf07e3f9e32b0494162deeb53c1466","service":"signatrust-backend","timestamp":"2024-07-24T14:51:46.297Z"}
{"level":"info","message":"Identity retrieved: did:ethr:0x0267b7cf8edf05370c619dc555fe72830d6ecf07e3f9e32b0494162deeb53c1466","service":"signatrust-backend","timestamp":"2024-07-24T14:51:46.334Z"}
{"level":"info","message":"Login successful for identity: did:ethr:0x0267b7cf8edf05370c619dc555fe72830d6ecf07e3f9e32b0494162deeb53c1466","service":"signatrust-backend","timestamp":"2024-07-24T14:51:46.336Z"}
{"level":"info","message":"[2024-07-24T15:02:47.561Z] POST /api/identity/login","service":"signatrust-backend","timestamp":"2024-07-24T15:02:47.562Z"}
{"accept":"application/json, text/plain, */*","accept-encoding":"gzip, deflate, br, zstd","accept-language":"en-US,en;q=0.9","connection":"keep-alive","content-length":"87","content-type":"application/json","host":"localhost:3000","level":"info","message":"Request headers:","origin":"http://localhost:3001","referer":"http://localhost:3001/","sec-fetch-dest":"empty","sec-fetch-mode":"cors","sec-fetch-site":"same-site","service":"signatrust-backend","timestamp":"2024-07-24T15:02:47.567Z","user-agent":"Mozilla/5.0 (iPhone; CPU iPhone OS 16_6 like Mac OS X) AppleWebKit/605.1.15 (KHTML, like Gecko) Version/16.6 Mobile/15E148 Safari/604.1"}
{"level":"info","message":"Retrieving DID from Solana: did:ethr:0x0267b7cf8edf05370c619dc555fe72830d6ecf07e3f9e32b0494162deeb53c1466","service":"signatrust-backend","timestamp":"2024-07-24T15:02:47.570Z"}
{"level":"info","message":"DID not found on Solana: did:ethr:0x0267b7cf8edf05370c619dc555fe72830d6ecf07e3f9e32b0494162deeb53c1466","service":"signatrust-backend","timestamp":"2024-07-24T15:02:47.778Z"}
{"level":"info","message":"Identity retrieved: did:ethr:0x0267b7cf8edf05370c619dc555fe72830d6ecf07e3f9e32b0494162deeb53c1466","service":"signatrust-backend","timestamp":"2024-07-24T15:02:47.788Z"}
{"level":"info","message":"Login successful for identity: did:ethr:0x0267b7cf8edf05370c619dc555fe72830d6ecf07e3f9e32b0494162deeb53c1466","service":"signatrust-backend","timestamp":"2024-07-24T15:02:47.789Z"}
{"level":"info","message":"[2024-07-24T15:11:37.106Z] POST /api/identity/login","service":"signatrust-backend","timestamp":"2024-07-24T15:11:37.106Z"}
{"accept":"application/json, text/plain, */*","accept-encoding":"gzip, deflate, br, zstd","accept-language":"en-US,en;q=0.9","connection":"keep-alive","content-length":"87","content-type":"application/json","host":"localhost:3000","level":"info","message":"Request headers:","origin":"http://localhost:3001","referer":"http://localhost:3001/","sec-fetch-dest":"empty","sec-fetch-mode":"cors","sec-fetch-site":"same-site","service":"signatrust-backend","timestamp":"2024-07-24T15:11:37.107Z","user-agent":"Mozilla/5.0 (iPhone; CPU iPhone OS 16_6 like Mac OS X) AppleWebKit/605.1.15 (KHTML, like Gecko) Version/16.6 Mobile/15E148 Safari/604.1"}
{"level":"info","message":"Retrieving DID from Solana: did:ethr:0x0267b7cf8edf05370c619dc555fe72830d6ecf07e3f9e32b0494162deeb53c1466","service":"signatrust-backend","timestamp":"2024-07-24T15:11:37.109Z"}
{"level":"info","message":"DID not found on Solana: did:ethr:0x0267b7cf8edf05370c619dc555fe72830d6ecf07e3f9e32b0494162deeb53c1466","service":"signatrust-backend","timestamp":"2024-07-24T15:11:37.606Z"}
{"level":"info","message":"Identity retrieved: did:ethr:0x0267b7cf8edf05370c619dc555fe72830d6ecf07e3f9e32b0494162deeb53c1466","service":"signatrust-backend","timestamp":"2024-07-24T15:11:37.612Z"}
{"level":"info","message":"Login successful for identity: did:ethr:0x0267b7cf8edf05370c619dc555fe72830d6ecf07e3f9e32b0494162deeb53c1466","service":"signatrust-backend","timestamp":"2024-07-24T15:11:37.613Z"}
{"level":"info","message":"[2024-07-24T15:11:51.509Z] POST /api/identity/login","service":"signatrust-backend","timestamp":"2024-07-24T15:11:51.509Z"}
{"accept":"application/json, text/plain, */*","accept-encoding":"gzip, deflate, br, zstd","accept-language":"en-US,en;q=0.9","connection":"keep-alive","content-length":"87","content-type":"application/json","host":"localhost:3000","level":"info","message":"Request headers:","origin":"http://localhost:3001","referer":"http://localhost:3001/","sec-fetch-dest":"empty","sec-fetch-mode":"cors","sec-fetch-site":"same-site","service":"signatrust-backend","timestamp":"2024-07-24T15:11:51.511Z","user-agent":"Mozilla/5.0 (iPhone; CPU iPhone OS 16_6 like Mac OS X) AppleWebKit/605.1.15 (KHTML, like Gecko) Version/16.6 Mobile/15E148 Safari/604.1"}
{"level":"info","message":"Retrieving DID from Solana: did:ethr:0x0267b7cf8edf05370c619dc555fe72830d6ecf07e3f9e32b0494162deeb53c1466","service":"signatrust-backend","timestamp":"2024-07-24T15:11:51.521Z"}
{"level":"info","message":"DID not found on Solana: did:ethr:0x0267b7cf8edf05370c619dc555fe72830d6ecf07e3f9e32b0494162deeb53c1466","service":"signatrust-backend","timestamp":"2024-07-24T15:11:51.662Z"}
{"level":"info","message":"Identity retrieved: did:ethr:0x0267b7cf8edf05370c619dc555fe72830d6ecf07e3f9e32b0494162deeb53c1466","service":"signatrust-backend","timestamp":"2024-07-24T15:11:51.666Z"}
{"level":"info","message":"Login successful for identity: did:ethr:0x0267b7cf8edf05370c619dc555fe72830d6ecf07e3f9e32b0494162deeb53c1466","service":"signatrust-backend","timestamp":"2024-07-24T15:11:51.667Z"}
{"level":"info","message":"Initializing Azure Queue Service Client","service":"signatrust-backend","timestamp":"2024-07-24T19:58:10.733Z"}
{"level":"info","message":"Veramo agent initialized successfully for strict identity mobility","service":"signatrust-backend","timestamp":"2024-07-24T19:58:10.916Z"}
{"level":"info","message":"Server is running on port 3000","service":"signatrust-backend","timestamp":"2024-07-24T19:58:11.055Z"}
{"level":"info","message":"Database connection initialized successfully","service":"signatrust-backend","timestamp":"2024-07-24T19:58:11.198Z"}
{"level":"info","message":"Azure Queue \"identity-tasks\" is ready","service":"signatrust-backend","timestamp":"2024-07-24T19:58:11.254Z"}
{"level":"info","message":"[2024-07-24T19:59:52.812Z] POST /api/identity/login","service":"signatrust-backend","timestamp":"2024-07-24T19:59:52.812Z"}
{"accept":"application/json, text/plain, */*","accept-encoding":"gzip, deflate, br, zstd","accept-language":"en-US,en;q=0.9","connection":"keep-alive","content-length":"87","content-type":"application/json","cookie":"authjs.csrf-token=21c7ad39f67f3dc00a737fd6a485ba9aa50a70862cae5015c982e0c41abab19c%7C491e94fa19647ec7c722db23b30a457e6b836ef380817dc31a49cbd15bea7d76; authjs.callback-url=http%3A%2F%2Flocalhost%3A3000%2Fmember; next-auth.csrf-token=c354a0cab6776c584dfd9697229b69853c7bc9f9c4c8985db9a473e4911fa73a%7Cac1ff61263a82a18a35410adcc3f9e869135277bdf99f85d40d23bde5bed1321; next-auth.callback-url=http%3A%2F%2Flocalhost%3A3000%2Faboutus; connect.sid=s%3AVCanfU5ACBe39qx29v-LVHKppw8y2Xn0.u3QAoFCYxkcfJq%2BxCgESsknC8UkwuaOQi9MgpFw3Bf0; username-localhost-8888=\"2|1:0|10:1719424250|23:username-localhost-8888|200:eyJ1c2VybmFtZSI6ICI3ZDYzOGE5OWJlYTM0NmZkYThjZDJiN2ZmZGY2NjdiZCIsICJuYW1lIjogIkFub255bW91cyBFdXJ5ZG9tZSIsICJkaXNwbGF5X25hbWUiOiAiQW5vbnltb3VzIEV1cnlkb21lIiwgImluaXRpYWxzIjogIkFFIiwgImNvbG9yIjogbnVsbH0=|88d50013804460b56f2028fec0c3cc337578ff2c402b56e8450fcfa3884382c4\"; _xsrf=2|975e8cb7|c5389ed37a4c671ade764517da279d19|1719424250","host":"localhost:3000","level":"info","message":"Request headers:","origin":"http://localhost:3001","referer":"http://localhost:3001/","sec-fetch-dest":"empty","sec-fetch-mode":"cors","sec-fetch-site":"same-site","service":"signatrust-backend","timestamp":"2024-07-24T19:59:52.830Z","user-agent":"Mozilla/5.0 (iPhone; CPU iPhone OS 16_6 like Mac OS X) AppleWebKit/605.1.15 (KHTML, like Gecko) Version/16.6 Mobile/15E148 Safari/604.1"}
{"level":"info","message":"Retrieving DID from Solana: did:ethr:0x0267b7cf8edf05370c619dc555fe72830d6ecf07e3f9e32b0494162deeb53c1466","service":"signatrust-backend","timestamp":"2024-07-24T19:59:52.841Z"}
{"level":"info","message":"DID not found on Solana: did:ethr:0x0267b7cf8edf05370c619dc555fe72830d6ecf07e3f9e32b0494162deeb53c1466","service":"signatrust-backend","timestamp":"2024-07-24T19:59:53.230Z"}
{"error":{},"level":"error","message":"Failed to retrieve identity: did:ethr:0x0267b7cf8edf05370c619dc555fe72830d6ecf07e3f9e32b0494162deeb53c1466","service":"signatrust-backend","timestamp":"2024-07-24T19:59:53.257Z"}
{"error":{"isOperational":true,"statusCode":404},"level":"error","message":"Login failed for identity: did:ethr:0x0267b7cf8edf05370c619dc555fe72830d6ecf07e3f9e32b0494162deeb53c1466","service":"signatrust-backend","timestamp":"2024-07-24T19:59:53.260Z"}
{"level":"info","message":"[2024-07-24T20:02:54.006Z] POST /api/identity/create","service":"signatrust-backend","timestamp":"2024-07-24T20:02:54.006Z"}
{"accept":"application/json, text/plain, */*","accept-encoding":"gzip, deflate, br, zstd","accept-language":"en-US,en;q=0.9","connection":"keep-alive","content-length":"57","content-type":"application/json","cookie":"authjs.csrf-token=21c7ad39f67f3dc00a737fd6a485ba9aa50a70862cae5015c982e0c41abab19c%7C491e94fa19647ec7c722db23b30a457e6b836ef380817dc31a49cbd15bea7d76; authjs.callback-url=http%3A%2F%2Flocalhost%3A3000%2Fmember; next-auth.csrf-token=c354a0cab6776c584dfd9697229b69853c7bc9f9c4c8985db9a473e4911fa73a%7Cac1ff61263a82a18a35410adcc3f9e869135277bdf99f85d40d23bde5bed1321; next-auth.callback-url=http%3A%2F%2Flocalhost%3A3000%2Faboutus; connect.sid=s%3AVCanfU5ACBe39qx29v-LVHKppw8y2Xn0.u3QAoFCYxkcfJq%2BxCgESsknC8UkwuaOQi9MgpFw3Bf0; username-localhost-8888=\"2|1:0|10:1719424250|23:username-localhost-8888|200:eyJ1c2VybmFtZSI6ICI3ZDYzOGE5OWJlYTM0NmZkYThjZDJiN2ZmZGY2NjdiZCIsICJuYW1lIjogIkFub255bW91cyBFdXJ5ZG9tZSIsICJkaXNwbGF5X25hbWUiOiAiQW5vbnltb3VzIEV1cnlkb21lIiwgImluaXRpYWxzIjogIkFFIiwgImNvbG9yIjogbnVsbH0=|88d50013804460b56f2028fec0c3cc337578ff2c402b56e8450fcfa3884382c4\"; _xsrf=2|975e8cb7|c5389ed37a4c671ade764517da279d19|1719424250","host":"localhost:3000","level":"info","message":"Request headers:","origin":"http://localhost:3001","referer":"http://localhost:3001/","sec-fetch-dest":"empty","sec-fetch-mode":"cors","sec-fetch-site":"same-site","service":"signatrust-backend","timestamp":"2024-07-24T20:02:54.010Z","user-agent":"Mozilla/5.0 (iPhone; CPU iPhone OS 16_6 like Mac OS X) AppleWebKit/605.1.15 (KHTML, like Gecko) Version/16.6 Mobile/15E148 Safari/604.1"}
{"level":"info","message":"Identity created: did:ethr:0x028cf39f131f4d0ebb6517ce5b4fedfbd5c103b2538adc92dbbe3638f85a8da240","service":"signatrust-backend","timestamp":"2024-07-24T20:02:54.312Z"}
{"level":"info","message":"Task added to Azure Queue successfully","service":"signatrust-backend","timestamp":"2024-07-24T20:02:54.554Z"}
{"level":"info","message":"[2024-07-24T20:03:30.727Z] POST /api/identity/login","service":"signatrust-backend","timestamp":"2024-07-24T20:03:30.727Z"}
{"accept":"application/json, text/plain, */*","accept-encoding":"gzip, deflate, br, zstd","accept-language":"en-US,en;q=0.9","connection":"keep-alive","content-length":"87","content-type":"application/json","cookie":"authjs.csrf-token=21c7ad39f67f3dc00a737fd6a485ba9aa50a70862cae5015c982e0c41abab19c%7C491e94fa19647ec7c722db23b30a457e6b836ef380817dc31a49cbd15bea7d76; authjs.callback-url=http%3A%2F%2Flocalhost%3A3000%2Fmember; next-auth.csrf-token=c354a0cab6776c584dfd9697229b69853c7bc9f9c4c8985db9a473e4911fa73a%7Cac1ff61263a82a18a35410adcc3f9e869135277bdf99f85d40d23bde5bed1321; next-auth.callback-url=http%3A%2F%2Flocalhost%3A3000%2Faboutus; connect.sid=s%3AVCanfU5ACBe39qx29v-LVHKppw8y2Xn0.u3QAoFCYxkcfJq%2BxCgESsknC8UkwuaOQi9MgpFw3Bf0; username-localhost-8888=\"2|1:0|10:1719424250|23:username-localhost-8888|200:eyJ1c2VybmFtZSI6ICI3ZDYzOGE5OWJlYTM0NmZkYThjZDJiN2ZmZGY2NjdiZCIsICJuYW1lIjogIkFub255bW91cyBFdXJ5ZG9tZSIsICJkaXNwbGF5X25hbWUiOiAiQW5vbnltb3VzIEV1cnlkb21lIiwgImluaXRpYWxzIjogIkFFIiwgImNvbG9yIjogbnVsbH0=|88d50013804460b56f2028fec0c3cc337578ff2c402b56e8450fcfa3884382c4\"; _xsrf=2|975e8cb7|c5389ed37a4c671ade764517da279d19|1719424250","host":"localhost:3000","level":"info","message":"Request headers:","origin":"http://localhost:3001","referer":"http://localhost:3001/","sec-fetch-dest":"empty","sec-fetch-mode":"cors","sec-fetch-site":"same-site","service":"signatrust-backend","timestamp":"2024-07-24T20:03:30.730Z","user-agent":"Mozilla/5.0 (iPhone; CPU iPhone OS 16_6 like Mac OS X) AppleWebKit/605.1.15 (KHTML, like Gecko) Version/16.6 Mobile/15E148 Safari/604.1"}
{"level":"info","message":"Retrieving DID from Solana: did:ethr:0x028cf39f131f4d0ebb6517ce5b4fedfbd5c103b2538adc92dbbe3638f85a8da240","service":"signatrust-backend","timestamp":"2024-07-24T20:03:30.735Z"}
{"level":"info","message":"DID not found on Solana: did:ethr:0x028cf39f131f4d0ebb6517ce5b4fedfbd5c103b2538adc92dbbe3638f85a8da240","service":"signatrust-backend","timestamp":"2024-07-24T20:03:31.033Z"}
{"level":"info","message":"Identity retrieved: did:ethr:0x028cf39f131f4d0ebb6517ce5b4fedfbd5c103b2538adc92dbbe3638f85a8da240","service":"signatrust-backend","timestamp":"2024-07-24T20:03:31.060Z"}
{"level":"info","message":"Login successful for identity: did:ethr:0x028cf39f131f4d0ebb6517ce5b4fedfbd5c103b2538adc92dbbe3638f85a8da240","service":"signatrust-backend","timestamp":"2024-07-24T20:03:31.061Z"}
{"level":"info","message":"Initializing Azure Queue Service Client","service":"signatrust-backend","timestamp":"2024-07-24T20:34:57.014Z"}
{"level":"info","message":"Veramo agent initialized successfully for strict identity mobility","service":"signatrust-backend","timestamp":"2024-07-24T20:34:57.172Z"}
{"level":"info","message":"Server is running on port 3000","service":"signatrust-backend","timestamp":"2024-07-24T20:34:57.305Z"}
{"level":"info","message":"Database connection initialized successfully","service":"signatrust-backend","timestamp":"2024-07-24T20:34:57.440Z"}
{"level":"info","message":"Azure Queue \"identity-tasks\" is ready","service":"signatrust-backend","timestamp":"2024-07-24T20:34:57.472Z"}
{"level":"info","message":"[2024-07-24T20:35:15.981Z] POST /api/identity/create","service":"signatrust-backend","timestamp":"2024-07-24T20:35:15.981Z"}
{"accept":"application/json, text/plain, */*","accept-encoding":"gzip, deflate, br, zstd","accept-language":"en-US,en;q=0.9","connection":"keep-alive","content-length":"58","content-type":"application/json","cookie":"authjs.csrf-token=21c7ad39f67f3dc00a737fd6a485ba9aa50a70862cae5015c982e0c41abab19c%7C491e94fa19647ec7c722db23b30a457e6b836ef380817dc31a49cbd15bea7d76; authjs.callback-url=http%3A%2F%2Flocalhost%3A3000%2Fmember; next-auth.csrf-token=c354a0cab6776c584dfd9697229b69853c7bc9f9c4c8985db9a473e4911fa73a%7Cac1ff61263a82a18a35410adcc3f9e869135277bdf99f85d40d23bde5bed1321; next-auth.callback-url=http%3A%2F%2Flocalhost%3A3000%2Faboutus; connect.sid=s%3AVCanfU5ACBe39qx29v-LVHKppw8y2Xn0.u3QAoFCYxkcfJq%2BxCgESsknC8UkwuaOQi9MgpFw3Bf0; username-localhost-8888=\"2|1:0|10:1719424250|23:username-localhost-8888|200:eyJ1c2VybmFtZSI6ICI3ZDYzOGE5OWJlYTM0NmZkYThjZDJiN2ZmZGY2NjdiZCIsICJuYW1lIjogIkFub255bW91cyBFdXJ5ZG9tZSIsICJkaXNwbGF5X25hbWUiOiAiQW5vbnltb3VzIEV1cnlkb21lIiwgImluaXRpYWxzIjogIkFFIiwgImNvbG9yIjogbnVsbH0=|88d50013804460b56f2028fec0c3cc337578ff2c402b56e8450fcfa3884382c4\"; _xsrf=2|975e8cb7|c5389ed37a4c671ade764517da279d19|1719424250; session=eyJhbGciOiJIUzI1NiIsInR5cCI6IkpXVCJ9.eyJkaWQiOiJkaWQ6ZXRocjoweDAyOGNmMzlmMTMxZjRkMGViYjY1MTdjZTViNGZlZGZiZDVjMTAzYjI1MzhhZGM5MmRiYmUzNjM4Zjg1YThkYTI0MCIsImlhdCI6MTcyMTg1MTQxMSwiZXhwIjoxNzIxODU1MDExfQ.JD3df83J7N1fUufeQHBoj5zZ7gn5EaG4lBTW2HIVD6w","host":"localhost:3000","level":"info","message":"Request headers:","origin":"http://localhost:3001","referer":"http://localhost:3001/","sec-fetch-dest":"empty","sec-fetch-mode":"cors","sec-fetch-site":"same-site","service":"signatrust-backend","timestamp":"2024-07-24T20:35:15.983Z","user-agent":"Mozilla/5.0 (iPhone; CPU iPhone OS 16_6 like Mac OS X) AppleWebKit/605.1.15 (KHTML, like Gecko) Version/16.6 Mobile/15E148 Safari/604.1"}
{"error":{},"level":"error","message":"Failed to create did:sol identity","service":"signatrust-backend","timestamp":"2024-07-24T20:35:15.997Z"}
{"level":"info","message":"[2024-07-24T20:35:16.921Z] POST /api/identity/create","service":"signatrust-backend","timestamp":"2024-07-24T20:35:16.921Z"}
{"accept":"application/json, text/plain, */*","accept-encoding":"gzip, deflate, br, zstd","accept-language":"en-US,en;q=0.9","connection":"keep-alive","content-length":"58","content-type":"application/json","cookie":"authjs.csrf-token=21c7ad39f67f3dc00a737fd6a485ba9aa50a70862cae5015c982e0c41abab19c%7C491e94fa19647ec7c722db23b30a457e6b836ef380817dc31a49cbd15bea7d76; authjs.callback-url=http%3A%2F%2Flocalhost%3A3000%2Fmember; next-auth.csrf-token=c354a0cab6776c584dfd9697229b69853c7bc9f9c4c8985db9a473e4911fa73a%7Cac1ff61263a82a18a35410adcc3f9e869135277bdf99f85d40d23bde5bed1321; next-auth.callback-url=http%3A%2F%2Flocalhost%3A3000%2Faboutus; connect.sid=s%3AVCanfU5ACBe39qx29v-LVHKppw8y2Xn0.u3QAoFCYxkcfJq%2BxCgESsknC8UkwuaOQi9MgpFw3Bf0; username-localhost-8888=\"2|1:0|10:1719424250|23:username-localhost-8888|200:eyJ1c2VybmFtZSI6ICI3ZDYzOGE5OWJlYTM0NmZkYThjZDJiN2ZmZGY2NjdiZCIsICJuYW1lIjogIkFub255bW91cyBFdXJ5ZG9tZSIsICJkaXNwbGF5X25hbWUiOiAiQW5vbnltb3VzIEV1cnlkb21lIiwgImluaXRpYWxzIjogIkFFIiwgImNvbG9yIjogbnVsbH0=|88d50013804460b56f2028fec0c3cc337578ff2c402b56e8450fcfa3884382c4\"; _xsrf=2|975e8cb7|c5389ed37a4c671ade764517da279d19|1719424250; session=eyJhbGciOiJIUzI1NiIsInR5cCI6IkpXVCJ9.eyJkaWQiOiJkaWQ6ZXRocjoweDAyOGNmMzlmMTMxZjRkMGViYjY1MTdjZTViNGZlZGZiZDVjMTAzYjI1MzhhZGM5MmRiYmUzNjM4Zjg1YThkYTI0MCIsImlhdCI6MTcyMTg1MTQxMSwiZXhwIjoxNzIxODU1MDExfQ.JD3df83J7N1fUufeQHBoj5zZ7gn5EaG4lBTW2HIVD6w","host":"localhost:3000","level":"info","message":"Request headers:","origin":"http://localhost:3001","referer":"http://localhost:3001/","sec-fetch-dest":"empty","sec-fetch-mode":"cors","sec-fetch-site":"same-site","service":"signatrust-backend","timestamp":"2024-07-24T20:35:16.924Z","user-agent":"Mozilla/5.0 (iPhone; CPU iPhone OS 16_6 like Mac OS X) AppleWebKit/605.1.15 (KHTML, like Gecko) Version/16.6 Mobile/15E148 Safari/604.1"}
{"error":{},"level":"error","message":"Failed to create did:sol identity","service":"signatrust-backend","timestamp":"2024-07-24T20:35:16.933Z"}
{"level":"info","message":"[2024-07-24T20:35:33.550Z] POST /api/identity/create","service":"signatrust-backend","timestamp":"2024-07-24T20:35:33.550Z"}
{"accept":"application/json, text/plain, */*","accept-encoding":"gzip, deflate, br, zstd","accept-language":"en-US,en;q=0.9","connection":"keep-alive","content-length":"60","content-type":"application/json","cookie":"authjs.csrf-token=21c7ad39f67f3dc00a737fd6a485ba9aa50a70862cae5015c982e0c41abab19c%7C491e94fa19647ec7c722db23b30a457e6b836ef380817dc31a49cbd15bea7d76; authjs.callback-url=http%3A%2F%2Flocalhost%3A3000%2Fmember; next-auth.csrf-token=c354a0cab6776c584dfd9697229b69853c7bc9f9c4c8985db9a473e4911fa73a%7Cac1ff61263a82a18a35410adcc3f9e869135277bdf99f85d40d23bde5bed1321; next-auth.callback-url=http%3A%2F%2Flocalhost%3A3000%2Faboutus; connect.sid=s%3AVCanfU5ACBe39qx29v-LVHKppw8y2Xn0.u3QAoFCYxkcfJq%2BxCgESsknC8UkwuaOQi9MgpFw3Bf0; username-localhost-8888=\"2|1:0|10:1719424250|23:username-localhost-8888|200:eyJ1c2VybmFtZSI6ICI3ZDYzOGE5OWJlYTM0NmZkYThjZDJiN2ZmZGY2NjdiZCIsICJuYW1lIjogIkFub255bW91cyBFdXJ5ZG9tZSIsICJkaXNwbGF5X25hbWUiOiAiQW5vbnltb3VzIEV1cnlkb21lIiwgImluaXRpYWxzIjogIkFFIiwgImNvbG9yIjogbnVsbH0=|88d50013804460b56f2028fec0c3cc337578ff2c402b56e8450fcfa3884382c4\"; _xsrf=2|975e8cb7|c5389ed37a4c671ade764517da279d19|1719424250; session=eyJhbGciOiJIUzI1NiIsInR5cCI6IkpXVCJ9.eyJkaWQiOiJkaWQ6ZXRocjoweDAyOGNmMzlmMTMxZjRkMGViYjY1MTdjZTViNGZlZGZiZDVjMTAzYjI1MzhhZGM5MmRiYmUzNjM4Zjg1YThkYTI0MCIsImlhdCI6MTcyMTg1MTQxMSwiZXhwIjoxNzIxODU1MDExfQ.JD3df83J7N1fUufeQHBoj5zZ7gn5EaG4lBTW2HIVD6w","host":"localhost:3000","level":"info","message":"Request headers:","origin":"http://localhost:3001","referer":"http://localhost:3001/","sec-fetch-dest":"empty","sec-fetch-mode":"cors","sec-fetch-site":"same-site","service":"signatrust-backend","timestamp":"2024-07-24T20:35:33.552Z","user-agent":"Mozilla/5.0 (iPhone; CPU iPhone OS 16_6 like Mac OS X) AppleWebKit/605.1.15 (KHTML, like Gecko) Version/16.6 Mobile/15E148 Safari/604.1"}
{"error":{},"level":"error","message":"Failed to create did:sol identity","service":"signatrust-backend","timestamp":"2024-07-24T20:35:33.558Z"}
{"level":"info","message":"[2024-07-24T20:38:27.811Z] POST /api/identity/create","service":"signatrust-backend","timestamp":"2024-07-24T20:38:27.811Z"}
{"accept":"application/json, text/plain, */*","accept-encoding":"gzip, deflate, br, zstd","accept-language":"en-US,en;q=0.9","connection":"keep-alive","content-length":"63","content-type":"application/json","cookie":"authjs.csrf-token=21c7ad39f67f3dc00a737fd6a485ba9aa50a70862cae5015c982e0c41abab19c%7C491e94fa19647ec7c722db23b30a457e6b836ef380817dc31a49cbd15bea7d76; authjs.callback-url=http%3A%2F%2Flocalhost%3A3000%2Fmember; next-auth.csrf-token=c354a0cab6776c584dfd9697229b69853c7bc9f9c4c8985db9a473e4911fa73a%7Cac1ff61263a82a18a35410adcc3f9e869135277bdf99f85d40d23bde5bed1321; next-auth.callback-url=http%3A%2F%2Flocalhost%3A3000%2Faboutus; connect.sid=s%3AVCanfU5ACBe39qx29v-LVHKppw8y2Xn0.u3QAoFCYxkcfJq%2BxCgESsknC8UkwuaOQi9MgpFw3Bf0; username-localhost-8888=\"2|1:0|10:1719424250|23:username-localhost-8888|200:eyJ1c2VybmFtZSI6ICI3ZDYzOGE5OWJlYTM0NmZkYThjZDJiN2ZmZGY2NjdiZCIsICJuYW1lIjogIkFub255bW91cyBFdXJ5ZG9tZSIsICJkaXNwbGF5X25hbWUiOiAiQW5vbnltb3VzIEV1cnlkb21lIiwgImluaXRpYWxzIjogIkFFIiwgImNvbG9yIjogbnVsbH0=|88d50013804460b56f2028fec0c3cc337578ff2c402b56e8450fcfa3884382c4\"; _xsrf=2|975e8cb7|c5389ed37a4c671ade764517da279d19|1719424250; session=eyJhbGciOiJIUzI1NiIsInR5cCI6IkpXVCJ9.eyJkaWQiOiJkaWQ6ZXRocjoweDAyOGNmMzlmMTMxZjRkMGViYjY1MTdjZTViNGZlZGZiZDVjMTAzYjI1MzhhZGM5MmRiYmUzNjM4Zjg1YThkYTI0MCIsImlhdCI6MTcyMTg1MTQxMSwiZXhwIjoxNzIxODU1MDExfQ.JD3df83J7N1fUufeQHBoj5zZ7gn5EaG4lBTW2HIVD6w","host":"localhost:3000","level":"info","message":"Request headers:","origin":"http://localhost:3001","referer":"http://localhost:3001/","sec-fetch-dest":"empty","sec-fetch-mode":"cors","sec-fetch-site":"same-site","service":"signatrust-backend","timestamp":"2024-07-24T20:38:27.813Z","user-agent":"Mozilla/5.0 (iPhone; CPU iPhone OS 16_6 like Mac OS X) AppleWebKit/605.1.15 (KHTML, like Gecko) Version/16.6 Mobile/15E148 Safari/604.1"}
{"error":{},"level":"error","message":"Failed to create did:sol identity","service":"signatrust-backend","timestamp":"2024-07-24T20:38:27.820Z"}
{"level":"info","message":"Initializing Azure Queue Service Client","service":"signatrust-backend","timestamp":"2024-07-25T02:41:40.481Z"}
{"level":"info","message":"Veramo agent initialized successfully for strict identity mobility","service":"signatrust-backend","timestamp":"2024-07-25T02:41:40.713Z"}
{"level":"info","message":"Server is running on port 3000","service":"signatrust-backend","timestamp":"2024-07-25T02:41:40.928Z"}
{"level":"info","message":"Database connection initialized successfully","service":"signatrust-backend","timestamp":"2024-07-25T02:41:41.125Z"}
{"level":"info","message":"Azure Queue \"identity-tasks\" is ready","service":"signatrust-backend","timestamp":"2024-07-25T02:41:41.157Z"}
{"level":"info","message":"[2024-07-25T02:41:51.337Z] POST /api/identity/create","service":"signatrust-backend","timestamp":"2024-07-25T02:41:51.337Z"}
{"accept":"application/json, text/plain, */*","accept-encoding":"gzip, deflate, br, zstd","accept-language":"en-US,en;q=0.9","connection":"keep-alive","content-length":"65","content-type":"application/json","cookie":"authjs.csrf-token=21c7ad39f67f3dc00a737fd6a485ba9aa50a70862cae5015c982e0c41abab19c%7C491e94fa19647ec7c722db23b30a457e6b836ef380817dc31a49cbd15bea7d76; authjs.callback-url=http%3A%2F%2Flocalhost%3A3000%2Fmember; next-auth.csrf-token=c354a0cab6776c584dfd9697229b69853c7bc9f9c4c8985db9a473e4911fa73a%7Cac1ff61263a82a18a35410adcc3f9e869135277bdf99f85d40d23bde5bed1321; next-auth.callback-url=http%3A%2F%2Flocalhost%3A3000%2Faboutus; connect.sid=s%3AVCanfU5ACBe39qx29v-LVHKppw8y2Xn0.u3QAoFCYxkcfJq%2BxCgESsknC8UkwuaOQi9MgpFw3Bf0; username-localhost-8888=\"2|1:0|10:1719424250|23:username-localhost-8888|200:eyJ1c2VybmFtZSI6ICI3ZDYzOGE5OWJlYTM0NmZkYThjZDJiN2ZmZGY2NjdiZCIsICJuYW1lIjogIkFub255bW91cyBFdXJ5ZG9tZSIsICJkaXNwbGF5X25hbWUiOiAiQW5vbnltb3VzIEV1cnlkb21lIiwgImluaXRpYWxzIjogIkFFIiwgImNvbG9yIjogbnVsbH0=|88d50013804460b56f2028fec0c3cc337578ff2c402b56e8450fcfa3884382c4\"; _xsrf=2|975e8cb7|c5389ed37a4c671ade764517da279d19|1719424250","host":"localhost:3000","level":"info","message":"Request headers:","origin":"http://localhost:3001","referer":"http://localhost:3001/","sec-fetch-dest":"empty","sec-fetch-mode":"cors","sec-fetch-site":"same-site","service":"signatrust-backend","timestamp":"2024-07-25T02:41:51.339Z","user-agent":"Mozilla/5.0 (iPhone; CPU iPhone OS 16_6 like Mac OS X) AppleWebKit/605.1.15 (KHTML, like Gecko) Version/16.6 Mobile/15E148 Safari/604.1"}
{"error":{},"level":"error","message":"Failed to create identity","service":"signatrust-backend","timestamp":"2024-07-25T02:41:51.355Z"}
{"level":"info","message":"Initializing Azure Queue Service Client","service":"signatrust-backend","timestamp":"2024-07-25T02:57:29.275Z"}
{"level":"info","message":"Veramo agent initialized successfully for strict identity mobility","service":"signatrust-backend","timestamp":"2024-07-25T02:57:29.674Z"}
{"level":"info","message":"Server is running on port 3000","service":"signatrust-backend","timestamp":"2024-07-25T02:57:29.906Z"}
{"level":"info","message":"Azure Queue \"identity-tasks\" is ready","service":"signatrust-backend","timestamp":"2024-07-25T02:57:30.195Z"}
{"level":"info","message":"Database connection initialized successfully","service":"signatrust-backend","timestamp":"2024-07-25T02:57:30.209Z"}
{"level":"info","message":"[2024-07-25T02:57:39.510Z] POST /api/identity/create","service":"signatrust-backend","timestamp":"2024-07-25T02:57:39.510Z"}
{"accept":"application/json, text/plain, */*","accept-encoding":"gzip, deflate, br, zstd","accept-language":"en-US,en;q=0.9","connection":"keep-alive","content-length":"65","content-type":"application/json","cookie":"authjs.csrf-token=21c7ad39f67f3dc00a737fd6a485ba9aa50a70862cae5015c982e0c41abab19c%7C491e94fa19647ec7c722db23b30a457e6b836ef380817dc31a49cbd15bea7d76; authjs.callback-url=http%3A%2F%2Flocalhost%3A3000%2Fmember; next-auth.csrf-token=c354a0cab6776c584dfd9697229b69853c7bc9f9c4c8985db9a473e4911fa73a%7Cac1ff61263a82a18a35410adcc3f9e869135277bdf99f85d40d23bde5bed1321; next-auth.callback-url=http%3A%2F%2Flocalhost%3A3000%2Faboutus; connect.sid=s%3AVCanfU5ACBe39qx29v-LVHKppw8y2Xn0.u3QAoFCYxkcfJq%2BxCgESsknC8UkwuaOQi9MgpFw3Bf0; username-localhost-8888=\"2|1:0|10:1719424250|23:username-localhost-8888|200:eyJ1c2VybmFtZSI6ICI3ZDYzOGE5OWJlYTM0NmZkYThjZDJiN2ZmZGY2NjdiZCIsICJuYW1lIjogIkFub255bW91cyBFdXJ5ZG9tZSIsICJkaXNwbGF5X25hbWUiOiAiQW5vbnltb3VzIEV1cnlkb21lIiwgImluaXRpYWxzIjogIkFFIiwgImNvbG9yIjogbnVsbH0=|88d50013804460b56f2028fec0c3cc337578ff2c402b56e8450fcfa3884382c4\"; _xsrf=2|975e8cb7|c5389ed37a4c671ade764517da279d19|1719424250","host":"localhost:3000","level":"info","message":"Request headers:","origin":"http://localhost:3001","referer":"http://localhost:3001/","sec-fetch-dest":"empty","sec-fetch-mode":"cors","sec-fetch-site":"same-site","service":"signatrust-backend","timestamp":"2024-07-25T02:57:39.513Z","user-agent":"Mozilla/5.0 (iPhone; CPU iPhone OS 16_6 like Mac OS X) AppleWebKit/605.1.15 (KHTML, like Gecko) Version/16.6 Mobile/15E148 Safari/604.1"}
{"error":{},"level":"error","message":"Failed to create identity","service":"signatrust-backend","timestamp":"2024-07-25T02:57:39.742Z"}
{"level":"info","message":"Initializing Azure Queue Service Client","service":"signatrust-backend","timestamp":"2024-07-25T13:03:29.668Z"}
{"level":"info","message":"Veramo agent initialized successfully for strict identity mobility","service":"signatrust-backend","timestamp":"2024-07-25T13:03:30.117Z"}
{"level":"info","message":"Server is running on port 3000","service":"signatrust-backend","timestamp":"2024-07-25T13:03:30.377Z"}
{"level":"info","message":"Database connection initialized successfully","service":"signatrust-backend","timestamp":"2024-07-25T13:03:30.631Z"}
{"level":"info","message":"Azure Queue \"identity-tasks\" is ready","service":"signatrust-backend","timestamp":"2024-07-25T13:03:30.652Z"}
{"level":"info","message":"[2024-07-25T13:03:41.929Z] POST /api/identity/create","service":"signatrust-backend","timestamp":"2024-07-25T13:03:41.929Z"}
{"accept":"application/json, text/plain, */*","accept-encoding":"gzip, deflate, br, zstd","accept-language":"en-US,en;q=0.9","connection":"keep-alive","content-length":"65","content-type":"application/json","cookie":"authjs.csrf-token=21c7ad39f67f3dc00a737fd6a485ba9aa50a70862cae5015c982e0c41abab19c%7C491e94fa19647ec7c722db23b30a457e6b836ef380817dc31a49cbd15bea7d76; authjs.callback-url=http%3A%2F%2Flocalhost%3A3000%2Fmember; next-auth.csrf-token=c354a0cab6776c584dfd9697229b69853c7bc9f9c4c8985db9a473e4911fa73a%7Cac1ff61263a82a18a35410adcc3f9e869135277bdf99f85d40d23bde5bed1321; next-auth.callback-url=http%3A%2F%2Flocalhost%3A3000%2Faboutus; connect.sid=s%3AVCanfU5ACBe39qx29v-LVHKppw8y2Xn0.u3QAoFCYxkcfJq%2BxCgESsknC8UkwuaOQi9MgpFw3Bf0; username-localhost-8888=\"2|1:0|10:1719424250|23:username-localhost-8888|200:eyJ1c2VybmFtZSI6ICI3ZDYzOGE5OWJlYTM0NmZkYThjZDJiN2ZmZGY2NjdiZCIsICJuYW1lIjogIkFub255bW91cyBFdXJ5ZG9tZSIsICJkaXNwbGF5X25hbWUiOiAiQW5vbnltb3VzIEV1cnlkb21lIiwgImluaXRpYWxzIjogIkFFIiwgImNvbG9yIjogbnVsbH0=|88d50013804460b56f2028fec0c3cc337578ff2c402b56e8450fcfa3884382c4\"; _xsrf=2|975e8cb7|c5389ed37a4c671ade764517da279d19|1719424250","host":"localhost:3000","level":"info","message":"Request headers:","origin":"http://localhost:3001","referer":"http://localhost:3001/","sec-fetch-dest":"empty","sec-fetch-mode":"cors","sec-fetch-site":"same-site","service":"signatrust-backend","timestamp":"2024-07-25T13:03:41.940Z","user-agent":"Mozilla/5.0 (iPhone; CPU iPhone OS 16_6 like Mac OS X) AppleWebKit/605.1.15 (KHTML, like Gecko) Version/16.6 Mobile/15E148 Safari/604.1"}
{"error":{},"level":"error","message":"Failed to create identity","service":"signatrust-backend","timestamp":"2024-07-25T13:03:42.153Z"}
{"level":"info","message":"[2024-07-26T00:32:24.025Z] GET /","service":"signatrust-backend","timestamp":"2024-07-26T00:32:24.028Z"}
{"accept":"text/html,application/xhtml+xml,application/xml;q=0.9,image/avif,image/webp,image/apng,*/*;q=0.8,application/signed-exchange;v=b3;q=0.7","accept-encoding":"gzip, deflate, br, zstd","accept-language":"en-US,en;q=0.9","connection":"keep-alive","cookie":"authjs.csrf-token=21c7ad39f67f3dc00a737fd6a485ba9aa50a70862cae5015c982e0c41abab19c%7C491e94fa19647ec7c722db23b30a457e6b836ef380817dc31a49cbd15bea7d76; authjs.callback-url=http%3A%2F%2Flocalhost%3A3000%2Fmember; next-auth.csrf-token=c354a0cab6776c584dfd9697229b69853c7bc9f9c4c8985db9a473e4911fa73a%7Cac1ff61263a82a18a35410adcc3f9e869135277bdf99f85d40d23bde5bed1321; next-auth.callback-url=http%3A%2F%2Flocalhost%3A3000%2Faboutus; connect.sid=s%3AVCanfU5ACBe39qx29v-LVHKppw8y2Xn0.u3QAoFCYxkcfJq%2BxCgESsknC8UkwuaOQi9MgpFw3Bf0; username-localhost-8888=\"2|1:0|10:1719424250|23:username-localhost-8888|200:eyJ1c2VybmFtZSI6ICI3ZDYzOGE5OWJlYTM0NmZkYThjZDJiN2ZmZGY2NjdiZCIsICJuYW1lIjogIkFub255bW91cyBFdXJ5ZG9tZSIsICJkaXNwbGF5X25hbWUiOiAiQW5vbnltb3VzIEV1cnlkb21lIiwgImluaXRpYWxzIjogIkFFIiwgImNvbG9yIjogbnVsbH0=|88d50013804460b56f2028fec0c3cc337578ff2c402b56e8450fcfa3884382c4\"; _xsrf=2|975e8cb7|c5389ed37a4c671ade764517da279d19|1719424250","host":"localhost:3000","if-none-match":"\"xf0kspdcxqagj\"","level":"info","message":"Request headers:","sec-ch-ua":"\"Not/A)Brand\";v=\"8\", \"Chromium\";v=\"126\", \"Google Chrome\";v=\"126\"","sec-ch-ua-mobile":"?0","sec-ch-ua-platform":"\"Windows\"","sec-fetch-dest":"document","sec-fetch-mode":"navigate","sec-fetch-site":"none","sec-fetch-user":"?1","service":"signatrust-backend","timestamp":"2024-07-26T00:32:24.043Z","upgrade-insecure-requests":"1","user-agent":"Mozilla/5.0 (Windows NT 10.0; Win64; x64) AppleWebKit/537.36 (KHTML, like Gecko) Chrome/126.0.0.0 Safari/537.36"}
{"level":"info","message":"[2024-07-26T00:32:42.400Z] POST /api/identity/create","service":"signatrust-backend","timestamp":"2024-07-26T00:32:42.400Z"}
{"accept":"application/json, text/plain, */*","accept-encoding":"gzip, deflate, br, zstd","accept-language":"en-US,en;q=0.9","connection":"keep-alive","content-length":"57","content-type":"application/json","cookie":"authjs.csrf-token=21c7ad39f67f3dc00a737fd6a485ba9aa50a70862cae5015c982e0c41abab19c%7C491e94fa19647ec7c722db23b30a457e6b836ef380817dc31a49cbd15bea7d76; authjs.callback-url=http%3A%2F%2Flocalhost%3A3000%2Fmember; next-auth.csrf-token=c354a0cab6776c584dfd9697229b69853c7bc9f9c4c8985db9a473e4911fa73a%7Cac1ff61263a82a18a35410adcc3f9e869135277bdf99f85d40d23bde5bed1321; next-auth.callback-url=http%3A%2F%2Flocalhost%3A3000%2Faboutus; connect.sid=s%3AVCanfU5ACBe39qx29v-LVHKppw8y2Xn0.u3QAoFCYxkcfJq%2BxCgESsknC8UkwuaOQi9MgpFw3Bf0; username-localhost-8888=\"2|1:0|10:1719424250|23:username-localhost-8888|200:eyJ1c2VybmFtZSI6ICI3ZDYzOGE5OWJlYTM0NmZkYThjZDJiN2ZmZGY2NjdiZCIsICJuYW1lIjogIkFub255bW91cyBFdXJ5ZG9tZSIsICJkaXNwbGF5X25hbWUiOiAiQW5vbnltb3VzIEV1cnlkb21lIiwgImluaXRpYWxzIjogIkFFIiwgImNvbG9yIjogbnVsbH0=|88d50013804460b56f2028fec0c3cc337578ff2c402b56e8450fcfa3884382c4\"; _xsrf=2|975e8cb7|c5389ed37a4c671ade764517da279d19|1719424250","host":"localhost:3000","level":"info","message":"Request headers:","origin":"http://localhost:3001","referer":"http://localhost:3001/","sec-fetch-dest":"empty","sec-fetch-mode":"cors","sec-fetch-site":"same-site","service":"signatrust-backend","timestamp":"2024-07-26T00:32:42.402Z","user-agent":"Mozilla/5.0 (iPhone; CPU iPhone OS 16_6 like Mac OS X) AppleWebKit/605.1.15 (KHTML, like Gecko) Version/16.6 Mobile/15E148 Safari/604.1"}
{"error":{},"level":"error","message":"Failed to create identity","service":"signatrust-backend","timestamp":"2024-07-26T00:32:42.469Z"}
{"level":"info","message":"Initializing Azure Queue Service Client","service":"signatrust-backend","timestamp":"2024-07-26T00:42:13.274Z"}
{"level":"info","message":"Veramo agent initialized successfully for strict identity mobility","service":"signatrust-backend","timestamp":"2024-07-26T00:42:13.630Z"}
{"level":"info","message":"Server is running on port 3000","service":"signatrust-backend","timestamp":"2024-07-26T00:42:13.766Z"}
{"level":"info","message":"Database connection initialized successfully","service":"signatrust-backend","timestamp":"2024-07-26T00:42:13.898Z"}
{"level":"info","message":"Azure Queue \"identity-tasks\" is ready","service":"signatrust-backend","timestamp":"2024-07-26T00:42:13.962Z"}
{"level":"info","message":"[2024-07-26T00:42:28.935Z] POST /api/identity/create","service":"signatrust-backend","timestamp":"2024-07-26T00:42:28.935Z"}
{"accept":"application/json, text/plain, */*","accept-encoding":"gzip, deflate, br, zstd","accept-language":"en-US,en;q=0.9","connection":"keep-alive","content-length":"52","content-type":"application/json","cookie":"authjs.csrf-token=21c7ad39f67f3dc00a737fd6a485ba9aa50a70862cae5015c982e0c41abab19c%7C491e94fa19647ec7c722db23b30a457e6b836ef380817dc31a49cbd15bea7d76; authjs.callback-url=http%3A%2F%2Flocalhost%3A3000%2Fmember; next-auth.csrf-token=c354a0cab6776c584dfd9697229b69853c7bc9f9c4c8985db9a473e4911fa73a%7Cac1ff61263a82a18a35410adcc3f9e869135277bdf99f85d40d23bde5bed1321; next-auth.callback-url=http%3A%2F%2Flocalhost%3A3000%2Faboutus; connect.sid=s%3AVCanfU5ACBe39qx29v-LVHKppw8y2Xn0.u3QAoFCYxkcfJq%2BxCgESsknC8UkwuaOQi9MgpFw3Bf0; username-localhost-8888=\"2|1:0|10:1719424250|23:username-localhost-8888|200:eyJ1c2VybmFtZSI6ICI3ZDYzOGE5OWJlYTM0NmZkYThjZDJiN2ZmZGY2NjdiZCIsICJuYW1lIjogIkFub255bW91cyBFdXJ5ZG9tZSIsICJkaXNwbGF5X25hbWUiOiAiQW5vbnltb3VzIEV1cnlkb21lIiwgImluaXRpYWxzIjogIkFFIiwgImNvbG9yIjogbnVsbH0=|88d50013804460b56f2028fec0c3cc337578ff2c402b56e8450fcfa3884382c4\"; _xsrf=2|975e8cb7|c5389ed37a4c671ade764517da279d19|1719424250","host":"localhost:3000","level":"info","message":"Request headers:","origin":"http://localhost:3001","referer":"http://localhost:3001/","sec-fetch-dest":"empty","sec-fetch-mode":"cors","sec-fetch-site":"same-site","service":"signatrust-backend","timestamp":"2024-07-26T00:42:28.937Z","user-agent":"Mozilla/5.0 (iPhone; CPU iPhone OS 16_6 like Mac OS X) AppleWebKit/605.1.15 (KHTML, like Gecko) Version/16.6 Mobile/15E148 Safari/604.1"}
{"level":"info","message":"Identity created: did:sol:4s8uSR9vXtxAxytBY5QqGciSTWZfpaPTnLNXD1pnczZQ","service":"signatrust-backend","timestamp":"2024-07-26T00:42:29.171Z"}
{"level":"info","message":"Task added to Azure Queue successfully","service":"signatrust-backend","timestamp":"2024-07-26T00:42:29.223Z"}
{"level":"info","message":"[2024-07-26T00:43:04.741Z] POST /api/identity/login","service":"signatrust-backend","timestamp":"2024-07-26T00:43:04.741Z"}
{"accept":"application/json, text/plain, */*","accept-encoding":"gzip, deflate, br, zstd","accept-language":"en-US,en;q=0.9","connection":"keep-alive","content-length":"62","content-type":"application/json","cookie":"authjs.csrf-token=21c7ad39f67f3dc00a737fd6a485ba9aa50a70862cae5015c982e0c41abab19c%7C491e94fa19647ec7c722db23b30a457e6b836ef380817dc31a49cbd15bea7d76; authjs.callback-url=http%3A%2F%2Flocalhost%3A3000%2Fmember; next-auth.csrf-token=c354a0cab6776c584dfd9697229b69853c7bc9f9c4c8985db9a473e4911fa73a%7Cac1ff61263a82a18a35410adcc3f9e869135277bdf99f85d40d23bde5bed1321; next-auth.callback-url=http%3A%2F%2Flocalhost%3A3000%2Faboutus; connect.sid=s%3AVCanfU5ACBe39qx29v-LVHKppw8y2Xn0.u3QAoFCYxkcfJq%2BxCgESsknC8UkwuaOQi9MgpFw3Bf0; username-localhost-8888=\"2|1:0|10:1719424250|23:username-localhost-8888|200:eyJ1c2VybmFtZSI6ICI3ZDYzOGE5OWJlYTM0NmZkYThjZDJiN2ZmZGY2NjdiZCIsICJuYW1lIjogIkFub255bW91cyBFdXJ5ZG9tZSIsICJkaXNwbGF5X25hbWUiOiAiQW5vbnltb3VzIEV1cnlkb21lIiwgImluaXRpYWxzIjogIkFFIiwgImNvbG9yIjogbnVsbH0=|88d50013804460b56f2028fec0c3cc337578ff2c402b56e8450fcfa3884382c4\"; _xsrf=2|975e8cb7|c5389ed37a4c671ade764517da279d19|1719424250","host":"localhost:3000","level":"info","message":"Request headers:","origin":"http://localhost:3001","referer":"http://localhost:3001/","sec-fetch-dest":"empty","sec-fetch-mode":"cors","sec-fetch-site":"same-site","service":"signatrust-backend","timestamp":"2024-07-26T00:43:04.743Z","user-agent":"Mozilla/5.0 (iPhone; CPU iPhone OS 16_6 like Mac OS X) AppleWebKit/605.1.15 (KHTML, like Gecko) Version/16.6 Mobile/15E148 Safari/604.1"}
{"level":"info","message":"Attempting login for DID: did:sol:4s8uSR9vXtxAxytBY5QqGciSTWZfpaPTnLNXD1pnczZQ","service":"signatrust-backend","timestamp":"2024-07-26T00:43:04.750Z"}
{"level":"info","message":"Identity retrieved: did:sol:4s8uSR9vXtxAxytBY5QqGciSTWZfpaPTnLNXD1pnczZQ","service":"signatrust-backend","timestamp":"2024-07-26T00:43:04.780Z"}
{"level":"info","message":"Login successful for identity: did:sol:4s8uSR9vXtxAxytBY5QqGciSTWZfpaPTnLNXD1pnczZQ","service":"signatrust-backend","timestamp":"2024-07-26T00:43:04.781Z"}
{"level":"info","message":"Initializing Azure Queue Service Client","service":"signatrust-backend","timestamp":"2024-07-26T17:15:55.524Z"}
{"level":"info","message":"Veramo agent initialized successfully for strict identity mobility","service":"signatrust-backend","timestamp":"2024-07-26T17:15:55.702Z"}
{"level":"info","message":"Initializing Solana connection with URL: https://api.devnet.solana.com","service":"signatrust-backend","timestamp":"2024-07-26T17:15:55.707Z"}
{"level":"info","message":"Initializing Solana connection with URL: https://api.devnet.solana.com","service":"signatrust-backend","timestamp":"2024-07-26T17:15:55.713Z"}
{"level":"info","message":"Server is running on port 3000","service":"signatrust-backend","timestamp":"2024-07-26T17:15:55.865Z"}
{"level":"info","message":"Database connection initialized successfully","service":"signatrust-backend","timestamp":"2024-07-26T17:15:56.003Z"}
{"level":"info","message":"Azure Queue \"identity-tasks\" is ready","service":"signatrust-backend","timestamp":"2024-07-26T17:15:56.621Z"}
{"level":"info","message":"[2024-07-26T17:16:28.257Z] POST /api/identity/create","service":"signatrust-backend","timestamp":"2024-07-26T17:16:28.257Z"}
{"accept":"application/json, text/plain, */*","accept-encoding":"gzip, deflate, br, zstd","accept-language":"en-US,en;q=0.9","connection":"keep-alive","content-length":"62","content-type":"application/json","cookie":"authjs.csrf-token=21c7ad39f67f3dc00a737fd6a485ba9aa50a70862cae5015c982e0c41abab19c%7C491e94fa19647ec7c722db23b30a457e6b836ef380817dc31a49cbd15bea7d76; authjs.callback-url=http%3A%2F%2Flocalhost%3A3000%2Fmember; next-auth.csrf-token=c354a0cab6776c584dfd9697229b69853c7bc9f9c4c8985db9a473e4911fa73a%7Cac1ff61263a82a18a35410adcc3f9e869135277bdf99f85d40d23bde5bed1321; next-auth.callback-url=http%3A%2F%2Flocalhost%3A3000%2Faboutus; connect.sid=s%3AVCanfU5ACBe39qx29v-LVHKppw8y2Xn0.u3QAoFCYxkcfJq%2BxCgESsknC8UkwuaOQi9MgpFw3Bf0; username-localhost-8888=\"2|1:0|10:1719424250|23:username-localhost-8888|200:eyJ1c2VybmFtZSI6ICI3ZDYzOGE5OWJlYTM0NmZkYThjZDJiN2ZmZGY2NjdiZCIsICJuYW1lIjogIkFub255bW91cyBFdXJ5ZG9tZSIsICJkaXNwbGF5X25hbWUiOiAiQW5vbnltb3VzIEV1cnlkb21lIiwgImluaXRpYWxzIjogIkFFIiwgImNvbG9yIjogbnVsbH0=|88d50013804460b56f2028fec0c3cc337578ff2c402b56e8450fcfa3884382c4\"; _xsrf=2|975e8cb7|c5389ed37a4c671ade764517da279d19|1719424250","host":"localhost:3000","level":"info","message":"Request headers:","origin":"http://localhost:3001","referer":"http://localhost:3001/","sec-ch-ua":"\"Not/A)Brand\";v=\"8\", \"Chromium\";v=\"126\", \"Google Chrome\";v=\"126\"","sec-ch-ua-mobile":"?0","sec-ch-ua-platform":"\"Windows\"","sec-fetch-dest":"empty","sec-fetch-mode":"cors","sec-fetch-site":"same-site","service":"signatrust-backend","timestamp":"2024-07-26T17:16:28.258Z","user-agent":"Mozilla/5.0 (Windows NT 10.0; Win64; x64) AppleWebKit/537.36 (KHTML, like Gecko) Chrome/126.0.0.0 Safari/537.36"}
{"did":"did:sol:xiaZy5TvxZcrBg9UYgJZkJDcSKDp5ENRnAi2SJQuz2e","level":"info","message":"Solana identity created:","service":"signatrust-backend","timestamp":"2024-07-26T17:16:28.479Z"}
{"error":{},"level":"error","message":"Failed to create identity","service":"signatrust-backend","timestamp":"2024-07-26T17:16:28.483Z"}
{"level":"info","message":"[2024-07-26T17:16:51.910Z] POST /api/identity/create","service":"signatrust-backend","timestamp":"2024-07-26T17:16:51.910Z"}
{"accept":"application/json, text/plain, */*","accept-encoding":"gzip, deflate, br, zstd","accept-language":"en-US,en;q=0.9","connection":"keep-alive","content-length":"62","content-type":"application/json","cookie":"authjs.csrf-token=21c7ad39f67f3dc00a737fd6a485ba9aa50a70862cae5015c982e0c41abab19c%7C491e94fa19647ec7c722db23b30a457e6b836ef380817dc31a49cbd15bea7d76; authjs.callback-url=http%3A%2F%2Flocalhost%3A3000%2Fmember; next-auth.csrf-token=c354a0cab6776c584dfd9697229b69853c7bc9f9c4c8985db9a473e4911fa73a%7Cac1ff61263a82a18a35410adcc3f9e869135277bdf99f85d40d23bde5bed1321; next-auth.callback-url=http%3A%2F%2Flocalhost%3A3000%2Faboutus; connect.sid=s%3AVCanfU5ACBe39qx29v-LVHKppw8y2Xn0.u3QAoFCYxkcfJq%2BxCgESsknC8UkwuaOQi9MgpFw3Bf0; username-localhost-8888=\"2|1:0|10:1719424250|23:username-localhost-8888|200:eyJ1c2VybmFtZSI6ICI3ZDYzOGE5OWJlYTM0NmZkYThjZDJiN2ZmZGY2NjdiZCIsICJuYW1lIjogIkFub255bW91cyBFdXJ5ZG9tZSIsICJkaXNwbGF5X25hbWUiOiAiQW5vbnltb3VzIEV1cnlkb21lIiwgImluaXRpYWxzIjogIkFFIiwgImNvbG9yIjogbnVsbH0=|88d50013804460b56f2028fec0c3cc337578ff2c402b56e8450fcfa3884382c4\"; _xsrf=2|975e8cb7|c5389ed37a4c671ade764517da279d19|1719424250","host":"localhost:3000","level":"info","message":"Request headers:","origin":"http://localhost:3001","referer":"http://localhost:3001/","sec-fetch-dest":"empty","sec-fetch-mode":"cors","sec-fetch-site":"same-site","service":"signatrust-backend","timestamp":"2024-07-26T17:16:51.911Z","user-agent":"Mozilla/5.0 (iPhone; CPU iPhone OS 16_6 like Mac OS X) AppleWebKit/605.1.15 (KHTML, like Gecko) Version/16.6 Mobile/15E148 Safari/604.1"}
{"did":"did:sol:8wpoBUgUrXpp9jqCeaEFz1QY9rvHtq8376V6JNVHMfCr","level":"info","message":"Solana identity created:","service":"signatrust-backend","timestamp":"2024-07-26T17:16:51.925Z"}
{"error":{},"level":"error","message":"Failed to create identity","service":"signatrust-backend","timestamp":"2024-07-26T17:16:51.928Z"}
{"level":"info","message":"Initializing Azure Queue Service Client","service":"signatrust-backend","timestamp":"2024-07-26T17:35:03.096Z"}
{"level":"info","message":"Veramo agent initialized successfully for strict identity mobility","service":"signatrust-backend","timestamp":"2024-07-26T17:35:03.376Z"}
{"level":"info","message":"Initializing Solana connection with URL: https://api.devnet.solana.com","service":"signatrust-backend","timestamp":"2024-07-26T17:35:03.379Z"}
{"level":"info","message":"Initializing Solana connection with URL: https://api.devnet.solana.com","service":"signatrust-backend","timestamp":"2024-07-26T17:35:03.388Z"}
{"level":"info","message":"Server is running on port 3000","service":"signatrust-backend","timestamp":"2024-07-26T17:35:03.620Z"}
{"level":"info","message":"Database connection initialized successfully","service":"signatrust-backend","timestamp":"2024-07-26T17:35:03.791Z"}
{"level":"info","message":"Azure Queue \"identity-tasks\" is ready","service":"signatrust-backend","timestamp":"2024-07-26T17:35:03.889Z"}
{"level":"info","message":"[2024-07-26T17:36:34.642Z] POST /api/identity/create","service":"signatrust-backend","timestamp":"2024-07-26T17:36:34.642Z"}
{"accept":"application/json, text/plain, */*","accept-encoding":"gzip, deflate, br, zstd","accept-language":"en-US,en;q=0.9","connection":"keep-alive","content-length":"65","content-type":"application/json","cookie":"authjs.csrf-token=21c7ad39f67f3dc00a737fd6a485ba9aa50a70862cae5015c982e0c41abab19c%7C491e94fa19647ec7c722db23b30a457e6b836ef380817dc31a49cbd15bea7d76; authjs.callback-url=http%3A%2F%2Flocalhost%3A3000%2Fmember; next-auth.csrf-token=c354a0cab6776c584dfd9697229b69853c7bc9f9c4c8985db9a473e4911fa73a%7Cac1ff61263a82a18a35410adcc3f9e869135277bdf99f85d40d23bde5bed1321; next-auth.callback-url=http%3A%2F%2Flocalhost%3A3000%2Faboutus; connect.sid=s%3AVCanfU5ACBe39qx29v-LVHKppw8y2Xn0.u3QAoFCYxkcfJq%2BxCgESsknC8UkwuaOQi9MgpFw3Bf0; username-localhost-8888=\"2|1:0|10:1719424250|23:username-localhost-8888|200:eyJ1c2VybmFtZSI6ICI3ZDYzOGE5OWJlYTM0NmZkYThjZDJiN2ZmZGY2NjdiZCIsICJuYW1lIjogIkFub255bW91cyBFdXJ5ZG9tZSIsICJkaXNwbGF5X25hbWUiOiAiQW5vbnltb3VzIEV1cnlkb21lIiwgImluaXRpYWxzIjogIkFFIiwgImNvbG9yIjogbnVsbH0=|88d50013804460b56f2028fec0c3cc337578ff2c402b56e8450fcfa3884382c4\"; _xsrf=2|975e8cb7|c5389ed37a4c671ade764517da279d19|1719424250","host":"localhost:3000","level":"info","message":"Request headers:","origin":"http://localhost:3001","referer":"http://localhost:3001/","sec-fetch-dest":"empty","sec-fetch-mode":"cors","sec-fetch-site":"same-site","service":"signatrust-backend","timestamp":"2024-07-26T17:36:34.643Z","user-agent":"Mozilla/5.0 (iPhone; CPU iPhone OS 16_6 like Mac OS X) AppleWebKit/605.1.15 (KHTML, like Gecko) Version/16.6 Mobile/15E148 Safari/604.1"}
{"did":"did:sol:BaXi8zcMUkNPz7ms6uEsKttJ7DyNL5xP6Po6AtMH5qB2","level":"info","message":"Solana identity created:","service":"signatrust-backend","timestamp":"2024-07-26T17:36:34.844Z"}
{"error":{},"level":"error","message":"Failed to create identity","service":"signatrust-backend","timestamp":"2024-07-26T17:36:34.847Z"}
{"error":"Failed to create identity: Cannot read properties of undefined (reading '_bn')","level":"error","message":"Error in identity creation route handler","service":"signatrust-backend","stack":"Error: Failed to create identity: Cannot read properties of undefined (reading '_bn')\n    at throwAppError (file:///C:/Source/signatrust_backend/dist/utils/errors.js:10:11)\n    at IdentityService.createIdentity (file:///C:/Source/signatrust_backend/dist/api/identity.mjs:63:19)\n    at async file:///C:/Source/signatrust_backend/dist/routes/identityRoutes.js:36:24","timestamp":"2024-07-26T17:36:34.850Z"}
{"level":"info","message":"Initializing Azure Queue Service Client","service":"signatrust-backend","timestamp":"2024-07-26T18:20:32.987Z"}
{"level":"info","message":"Veramo agent initialized successfully for strict identity mobility","service":"signatrust-backend","timestamp":"2024-07-26T18:20:33.437Z"}
{"level":"info","message":"Initializing Solana connection with URL: https://api.devnet.solana.com","service":"signatrust-backend","timestamp":"2024-07-26T18:20:33.441Z"}
{"level":"info","message":"Initializing Solana connection with URL: https://api.devnet.solana.com","service":"signatrust-backend","timestamp":"2024-07-26T18:20:33.454Z"}
{"level":"info","message":"Server is running on port 3000","service":"signatrust-backend","timestamp":"2024-07-26T18:20:33.734Z"}
{"level":"info","message":"Database connection initialized successfully","service":"signatrust-backend","timestamp":"2024-07-26T18:20:33.969Z"}
{"level":"info","message":"Azure Queue \"identity-tasks\" is ready","service":"signatrust-backend","timestamp":"2024-07-26T18:20:34.008Z"}
{"level":"info","message":"[2024-07-26T18:20:47.052Z] POST /api/identity/create","service":"signatrust-backend","timestamp":"2024-07-26T18:20:47.052Z"}
{"accept":"application/json, text/plain, */*","accept-encoding":"gzip, deflate, br, zstd","accept-language":"en-US,en;q=0.9","connection":"keep-alive","content-length":"59","content-type":"application/json","cookie":"authjs.csrf-token=21c7ad39f67f3dc00a737fd6a485ba9aa50a70862cae5015c982e0c41abab19c%7C491e94fa19647ec7c722db23b30a457e6b836ef380817dc31a49cbd15bea7d76; authjs.callback-url=http%3A%2F%2Flocalhost%3A3000%2Fmember; next-auth.csrf-token=c354a0cab6776c584dfd9697229b69853c7bc9f9c4c8985db9a473e4911fa73a%7Cac1ff61263a82a18a35410adcc3f9e869135277bdf99f85d40d23bde5bed1321; next-auth.callback-url=http%3A%2F%2Flocalhost%3A3000%2Faboutus; connect.sid=s%3AVCanfU5ACBe39qx29v-LVHKppw8y2Xn0.u3QAoFCYxkcfJq%2BxCgESsknC8UkwuaOQi9MgpFw3Bf0","host":"localhost:3000","level":"info","message":"Request headers:","origin":"http://localhost:3001","referer":"http://localhost:3001/","sec-fetch-dest":"empty","sec-fetch-mode":"cors","sec-fetch-site":"same-site","service":"signatrust-backend","timestamp":"2024-07-26T18:20:47.054Z","user-agent":"Mozilla/5.0 (iPhone; CPU iPhone OS 16_6 like Mac OS X) AppleWebKit/605.1.15 (KHTML, like Gecko) Version/16.6 Mobile/15E148 Safari/604.1"}
{"did":"did:sol:AkT479VpFdaAZjfBZ9nFDmAAbXY6w4AoAgcPQYFzqUUg","level":"info","message":"Solana identity created:","service":"signatrust-backend","timestamp":"2024-07-26T18:20:47.247Z"}
{"error":{},"level":"error","message":"Failed to create identity","service":"signatrust-backend","timestamp":"2024-07-26T18:20:47.251Z"}
{"error":"Failed to create identity: Cannot read properties of undefined (reading '_bn')","level":"error","message":"Error in identity creation route handler","service":"signatrust-backend","stack":"Error: Failed to create identity: Cannot read properties of undefined (reading '_bn')\n    at throwAppError (file:///C:/Source/signatrust_backend/dist/utils/errors.js:10:11)\n    at IdentityService.createIdentity (file:///C:/Source/signatrust_backend/dist/api/identity.mjs:63:19)\n    at async file:///C:/Source/signatrust_backend/dist/routes/identityRoutes.js:36:24","timestamp":"2024-07-26T18:20:47.253Z"}
{"level":"info","message":"Initializing Azure Queue Service Client","service":"signatrust-backend","timestamp":"2024-07-26T22:32:30.804Z"}
{"level":"info","message":"Veramo agent initialized successfully for strict identity mobility","service":"signatrust-backend","timestamp":"2024-07-26T22:32:30.989Z"}
{"level":"info","message":"Initializing Solana connection with URL: https://api.devnet.solana.com","service":"signatrust-backend","timestamp":"2024-07-26T22:32:30.992Z"}
{"level":"info","message":"Initializing Solana connection with URL: https://api.devnet.solana.com","service":"signatrust-backend","timestamp":"2024-07-26T22:32:31.002Z"}
{"level":"info","message":"Server is running on port 3000","service":"signatrust-backend","timestamp":"2024-07-26T22:32:31.172Z"}
{"level":"info","message":"Database connection initialized successfully","service":"signatrust-backend","timestamp":"2024-07-26T22:32:31.311Z"}
{"level":"info","message":"Azure Queue \"identity-tasks\" is ready","service":"signatrust-backend","timestamp":"2024-07-26T22:32:31.391Z"}
{"level":"info","message":"[2024-07-26T22:32:47.236Z] POST /api/identity/create","service":"signatrust-backend","timestamp":"2024-07-26T22:32:47.236Z"}
{"accept":"application/json, text/plain, */*","accept-encoding":"gzip, deflate, br, zstd","accept-language":"en-US,en;q=0.9","connection":"keep-alive","content-length":"62","content-type":"application/json","cookie":"authjs.csrf-token=21c7ad39f67f3dc00a737fd6a485ba9aa50a70862cae5015c982e0c41abab19c%7C491e94fa19647ec7c722db23b30a457e6b836ef380817dc31a49cbd15bea7d76; authjs.callback-url=http%3A%2F%2Flocalhost%3A3000%2Fmember; next-auth.csrf-token=c354a0cab6776c584dfd9697229b69853c7bc9f9c4c8985db9a473e4911fa73a%7Cac1ff61263a82a18a35410adcc3f9e869135277bdf99f85d40d23bde5bed1321; next-auth.callback-url=http%3A%2F%2Flocalhost%3A3000%2Faboutus; connect.sid=s%3AVCanfU5ACBe39qx29v-LVHKppw8y2Xn0.u3QAoFCYxkcfJq%2BxCgESsknC8UkwuaOQi9MgpFw3Bf0","host":"localhost:3000","level":"info","message":"Request headers:","origin":"http://localhost:3001","referer":"http://localhost:3001/","sec-fetch-dest":"empty","sec-fetch-mode":"cors","sec-fetch-site":"same-site","service":"signatrust-backend","timestamp":"2024-07-26T22:32:47.240Z","user-agent":"Mozilla/5.0 (iPhone; CPU iPhone OS 16_6 like Mac OS X) AppleWebKit/605.1.15 (KHTML, like Gecko) Version/16.6 Mobile/15E148 Safari/604.1"}
{"did":"did:sol:6yRF6MFPtnLVCy4FDbUFWdUuMC4T2xz2enDmm2xbPnRb","level":"info","message":"Solana identity created:","service":"signatrust-backend","timestamp":"2024-07-26T22:32:47.499Z"}
{"error":{},"level":"error","message":"Failed to create identity","service":"signatrust-backend","timestamp":"2024-07-26T22:32:47.502Z"}
{"error":"Failed to create identity: Cannot read properties of undefined (reading '_bn')","level":"error","message":"Error in identity creation route handler","service":"signatrust-backend","stack":"Error: Failed to create identity: Cannot read properties of undefined (reading '_bn')\n    at throwAppError (file:///C:/Source/signatrust_backend/dist/utils/errors.js:10:11)\n    at IdentityService.createIdentity (file:///C:/Source/signatrust_backend/dist/api/identity.mjs:63:19)\n    at async file:///C:/Source/signatrust_backend/dist/routes/identityRoutes.js:36:24","timestamp":"2024-07-26T22:32:47.504Z"}
{"level":"info","message":"Initializing Azure Queue Service Client","service":"signatrust-backend","timestamp":"2024-07-26T23:04:12.355Z"}
{"level":"info","message":"Veramo agent initialized successfully for strict identity mobility","service":"signatrust-backend","timestamp":"2024-07-26T23:04:12.617Z"}
{"level":"info","message":"Initializing Solana connection with URL: https://api.devnet.solana.com","service":"signatrust-backend","timestamp":"2024-07-26T23:04:12.621Z"}
{"level":"info","message":"Initializing Solana connection with URL: https://api.devnet.solana.com","service":"signatrust-backend","timestamp":"2024-07-26T23:04:12.633Z"}
{"level":"info","message":"Server is running on port 3000","service":"signatrust-backend","timestamp":"2024-07-26T23:04:12.930Z"}
{"level":"info","message":"Azure Queue \"identity-tasks\" is ready","service":"signatrust-backend","timestamp":"2024-07-26T23:04:13.154Z"}
{"level":"info","message":"Database connection initialized successfully","service":"signatrust-backend","timestamp":"2024-07-26T23:04:13.169Z"}
{"level":"info","message":"[2024-07-26T23:04:23.335Z] POST /api/identity/create","service":"signatrust-backend","timestamp":"2024-07-26T23:04:23.336Z"}
{"accept":"application/json, text/plain, */*","accept-encoding":"gzip, deflate, br, zstd","accept-language":"en-US,en;q=0.9","connection":"keep-alive","content-length":"62","content-type":"application/json","cookie":"authjs.csrf-token=21c7ad39f67f3dc00a737fd6a485ba9aa50a70862cae5015c982e0c41abab19c%7C491e94fa19647ec7c722db23b30a457e6b836ef380817dc31a49cbd15bea7d76; authjs.callback-url=http%3A%2F%2Flocalhost%3A3000%2Fmember; next-auth.csrf-token=c354a0cab6776c584dfd9697229b69853c7bc9f9c4c8985db9a473e4911fa73a%7Cac1ff61263a82a18a35410adcc3f9e869135277bdf99f85d40d23bde5bed1321; next-auth.callback-url=http%3A%2F%2Flocalhost%3A3000%2Faboutus; connect.sid=s%3AVCanfU5ACBe39qx29v-LVHKppw8y2Xn0.u3QAoFCYxkcfJq%2BxCgESsknC8UkwuaOQi9MgpFw3Bf0","host":"localhost:3000","level":"info","message":"Request headers:","origin":"http://localhost:3001","referer":"http://localhost:3001/","sec-fetch-dest":"empty","sec-fetch-mode":"cors","sec-fetch-site":"same-site","service":"signatrust-backend","timestamp":"2024-07-26T23:04:23.337Z","user-agent":"Mozilla/5.0 (iPhone; CPU iPhone OS 16_6 like Mac OS X) AppleWebKit/605.1.15 (KHTML, like Gecko) Version/16.6 Mobile/15E148 Safari/604.1"}
{"did":"did:sol:DtVmcDE6y9osTku1JaohMZ5mef2xMnzJQXN55dE7JcJU","level":"info","message":"Solana identity created:","service":"signatrust-backend","timestamp":"2024-07-26T23:04:23.537Z"}
{"error":{},"level":"error","message":"Failed to create identity","service":"signatrust-backend","timestamp":"2024-07-26T23:04:23.541Z"}
{"error":"Failed to create identity: Cannot read properties of undefined (reading '_bn')","level":"error","message":"Error in identity creation route handler","service":"signatrust-backend","stack":"Error: Failed to create identity: Cannot read properties of undefined (reading '_bn')\n    at throwAppError (file:///C:/Source/signatrust_backend/dist/utils/errors.js:10:11)\n    at IdentityService.createIdentity (file:///C:/Source/signatrust_backend/dist/api/identity.mjs:63:19)\n    at async file:///C:/Source/signatrust_backend/dist/routes/identityRoutes.js:36:24","timestamp":"2024-07-26T23:04:23.542Z"}
{"level":"info","message":"Initializing Azure Queue Service Client","service":"signatrust-backend","timestamp":"2024-07-26T23:13:52.511Z"}
{"level":"info","message":"Veramo agent initialized successfully for strict identity mobility","service":"signatrust-backend","timestamp":"2024-07-26T23:13:52.784Z"}
{"level":"info","message":"Initializing Solana connection with URL: https://api.devnet.solana.com","service":"signatrust-backend","timestamp":"2024-07-26T23:13:52.789Z"}
{"level":"info","message":"Initializing Solana connection with URL: https://api.devnet.solana.com","service":"signatrust-backend","timestamp":"2024-07-26T23:13:52.803Z"}
{"level":"info","message":"Server is running on port 3000","service":"signatrust-backend","timestamp":"2024-07-26T23:13:53.076Z"}
{"level":"info","message":"Azure Queue \"identity-tasks\" is ready","service":"signatrust-backend","timestamp":"2024-07-26T23:13:53.325Z"}
{"level":"info","message":"Database connection initialized successfully","service":"signatrust-backend","timestamp":"2024-07-26T23:13:53.368Z"}
{"level":"info","message":"[2024-07-26T23:14:32.128Z] POST /api/identity/create","service":"signatrust-backend","timestamp":"2024-07-26T23:14:32.128Z"}
{"accept":"application/json, text/plain, */*","accept-encoding":"gzip, deflate, br, zstd","accept-language":"en-US,en;q=0.9","connection":"keep-alive","content-length":"62","content-type":"application/json","cookie":"authjs.csrf-token=21c7ad39f67f3dc00a737fd6a485ba9aa50a70862cae5015c982e0c41abab19c%7C491e94fa19647ec7c722db23b30a457e6b836ef380817dc31a49cbd15bea7d76; authjs.callback-url=http%3A%2F%2Flocalhost%3A3000%2Fmember; next-auth.csrf-token=c354a0cab6776c584dfd9697229b69853c7bc9f9c4c8985db9a473e4911fa73a%7Cac1ff61263a82a18a35410adcc3f9e869135277bdf99f85d40d23bde5bed1321; next-auth.callback-url=http%3A%2F%2Flocalhost%3A3000%2Faboutus; connect.sid=s%3AVCanfU5ACBe39qx29v-LVHKppw8y2Xn0.u3QAoFCYxkcfJq%2BxCgESsknC8UkwuaOQi9MgpFw3Bf0","host":"localhost:3000","level":"info","message":"Request headers:","origin":"http://localhost:3001","referer":"http://localhost:3001/","sec-fetch-dest":"empty","sec-fetch-mode":"cors","sec-fetch-site":"same-site","service":"signatrust-backend","timestamp":"2024-07-26T23:14:32.130Z","user-agent":"Mozilla/5.0 (iPhone; CPU iPhone OS 16_6 like Mac OS X) AppleWebKit/605.1.15 (KHTML, like Gecko) Version/16.6 Mobile/15E148 Safari/604.1"}
{"did":"did:sol:GQ3beodvJBBxcN36ayvJ4yt6ZtKojWmDz7MzPMTsH38P","level":"info","message":"Solana identity created:","service":"signatrust-backend","timestamp":"2024-07-26T23:14:32.337Z"}
{"error":{},"level":"error","message":"Failed to create identity","service":"signatrust-backend","timestamp":"2024-07-26T23:14:32.343Z"}
{"error":"Failed to create identity: Cannot read properties of undefined (reading '_bn')","level":"error","message":"Error in identity creation route handler","service":"signatrust-backend","stack":"Error: Failed to create identity: Cannot read properties of undefined (reading '_bn')\n    at throwAppError (file:///C:/Source/signatrust_backend/dist/utils/errors.js:10:11)\n    at IdentityService.createIdentity (file:///C:/Source/signatrust_backend/dist/api/identity.mjs:63:19)\n    at async file:///C:/Source/signatrust_backend/dist/routes/identityRoutes.js:23:24","timestamp":"2024-07-26T23:14:32.345Z"}
{"level":"info","message":"Initializing Azure Queue Service Client","service":"signatrust-backend","timestamp":"2024-07-27T00:33:23.483Z"}
{"level":"info","message":"Veramo agent initialized successfully for strict identity mobility","service":"signatrust-backend","timestamp":"2024-07-27T00:33:23.674Z"}
{"level":"info","message":"Initializing Solana connection with URL: https://api.testnet.solana.com","service":"signatrust-backend","timestamp":"2024-07-27T00:33:23.677Z"}
{"level":"info","message":"Initializing Solana connection with URL: https://api.testnet.solana.com","service":"signatrust-backend","timestamp":"2024-07-27T00:33:23.684Z"}
{"level":"info","message":"Server is running on port 3000","service":"signatrust-backend","timestamp":"2024-07-27T00:33:23.834Z"}
{"level":"info","message":"Database connection initialized successfully","service":"signatrust-backend","timestamp":"2024-07-27T00:33:23.954Z"}
{"level":"info","message":"Azure Queue \"identity-tasks\" is ready","service":"signatrust-backend","timestamp":"2024-07-27T00:33:24.034Z"}
{"level":"info","message":"[2024-07-27T00:33:34.048Z] POST /api/identity/create","service":"signatrust-backend","timestamp":"2024-07-27T00:33:34.048Z"}
{"accept":"application/json, text/plain, */*","accept-encoding":"gzip, deflate, br, zstd","accept-language":"en-US,en;q=0.9","connection":"keep-alive","content-length":"52","content-type":"application/json","cookie":"authjs.csrf-token=21c7ad39f67f3dc00a737fd6a485ba9aa50a70862cae5015c982e0c41abab19c%7C491e94fa19647ec7c722db23b30a457e6b836ef380817dc31a49cbd15bea7d76; authjs.callback-url=http%3A%2F%2Flocalhost%3A3000%2Fmember; next-auth.csrf-token=c354a0cab6776c584dfd9697229b69853c7bc9f9c4c8985db9a473e4911fa73a%7Cac1ff61263a82a18a35410adcc3f9e869135277bdf99f85d40d23bde5bed1321; next-auth.callback-url=http%3A%2F%2Flocalhost%3A3000%2Faboutus; connect.sid=s%3AVCanfU5ACBe39qx29v-LVHKppw8y2Xn0.u3QAoFCYxkcfJq%2BxCgESsknC8UkwuaOQi9MgpFw3Bf0","host":"localhost:3000","level":"info","message":"Request headers:","origin":"http://localhost:3001","referer":"http://localhost:3001/","sec-fetch-dest":"empty","sec-fetch-mode":"cors","sec-fetch-site":"same-site","service":"signatrust-backend","timestamp":"2024-07-27T00:33:34.050Z","user-agent":"Mozilla/5.0 (iPhone; CPU iPhone OS 16_6 like Mac OS X) AppleWebKit/605.1.15 (KHTML, like Gecko) Version/16.6 Mobile/15E148 Safari/604.1"}
{"did":"did:sol:3qQQW68AJrYuGW8TMwS5yPwxVZ25nRn6vApT3pqMsaXx","level":"info","message":"Solana identity created:","service":"signatrust-backend","timestamp":"2024-07-27T00:33:34.211Z"}
{"error":{},"level":"error","message":"Failed to create identity","service":"signatrust-backend","timestamp":"2024-07-27T00:33:34.215Z"}
{"error":"Failed to create identity: Cannot read properties of undefined (reading '_bn')","level":"error","message":"Error in identity creation route handler","service":"signatrust-backend","stack":"Error: Failed to create identity: Cannot read properties of undefined (reading '_bn')\n    at throwAppError (file:///C:/Source/signatrust_backend/dist/utils/errors.js:10:11)\n    at IdentityService.createIdentity (file:///C:/Source/signatrust_backend/dist/api/identity.mjs:63:19)\n    at async file:///C:/Source/signatrust_backend/dist/routes/identityRoutes.js:23:24","timestamp":"2024-07-27T00:33:34.216Z"}
{"level":"info","message":"Initializing Azure Queue Service Client","service":"signatrust-backend","timestamp":"2024-07-27T01:58:11.898Z"}
{"level":"info","message":"Veramo agent initialized successfully for strict identity mobility","service":"signatrust-backend","timestamp":"2024-07-27T01:58:12.117Z"}
{"level":"info","message":"Initializing Solana connection with URL: https://api.testnet.solana.com","service":"signatrust-backend","timestamp":"2024-07-27T01:58:12.120Z"}
{"level":"info","message":"Initializing Solana connection with URL: https://api.testnet.solana.com","service":"signatrust-backend","timestamp":"2024-07-27T01:58:12.132Z"}
{"level":"info","message":"Server is running on port 3000","service":"signatrust-backend","timestamp":"2024-07-27T01:58:12.365Z"}
{"level":"info","message":"Azure Queue \"identity-tasks\" is ready","service":"signatrust-backend","timestamp":"2024-07-27T01:58:12.944Z"}
{"level":"info","message":"Database connection initialized successfully","service":"signatrust-backend","timestamp":"2024-07-27T01:58:12.970Z"}
{"level":"info","message":"[2024-07-27T01:58:21.079Z] POST /api/identity/create","service":"signatrust-backend","timestamp":"2024-07-27T01:58:21.079Z"}
{"accept":"application/json, text/plain, */*","accept-encoding":"gzip, deflate, br, zstd","accept-language":"en-US,en;q=0.9","connection":"keep-alive","content-length":"65","content-type":"application/json","cookie":"authjs.csrf-token=21c7ad39f67f3dc00a737fd6a485ba9aa50a70862cae5015c982e0c41abab19c%7C491e94fa19647ec7c722db23b30a457e6b836ef380817dc31a49cbd15bea7d76; authjs.callback-url=http%3A%2F%2Flocalhost%3A3000%2Fmember; next-auth.csrf-token=c354a0cab6776c584dfd9697229b69853c7bc9f9c4c8985db9a473e4911fa73a%7Cac1ff61263a82a18a35410adcc3f9e869135277bdf99f85d40d23bde5bed1321; next-auth.callback-url=http%3A%2F%2Flocalhost%3A3000%2Faboutus; connect.sid=s%3AVCanfU5ACBe39qx29v-LVHKppw8y2Xn0.u3QAoFCYxkcfJq%2BxCgESsknC8UkwuaOQi9MgpFw3Bf0","host":"localhost:3000","level":"info","message":"Request headers:","origin":"http://localhost:3001","referer":"http://localhost:3001/","sec-fetch-dest":"empty","sec-fetch-mode":"cors","sec-fetch-site":"same-site","service":"signatrust-backend","timestamp":"2024-07-27T01:58:21.081Z","user-agent":"Mozilla/5.0 (iPhone; CPU iPhone OS 16_6 like Mac OS X) AppleWebKit/605.1.15 (KHTML, like Gecko) Version/16.6 Mobile/15E148 Safari/604.1"}
{"did":"did:sol:G9fEJaJ1fWShAPcJQFnxn9njcN6rZP9RPgpVyngLuJQ1","level":"info","message":"Solana identity created:","service":"signatrust-backend","timestamp":"2024-07-27T01:58:21.306Z"}
{"error":{},"level":"error","message":"Failed to create identity","service":"signatrust-backend","timestamp":"2024-07-27T01:58:21.313Z"}
{"error":"Failed to create identity: Cannot read properties of undefined (reading '_bn')","level":"error","message":"Error in identity creation route handler","service":"signatrust-backend","stack":"Error: Failed to create identity: Cannot read properties of undefined (reading '_bn')\n    at throwAppError (file:///C:/Source/signatrust_backend/dist/utils/errors.js:10:11)\n    at IdentityService.createIdentity (file:///C:/Source/signatrust_backend/dist/api/identity.mjs:63:19)\n    at async file:///C:/Source/signatrust_backend/dist/routes/identityRoutes.js:23:24","timestamp":"2024-07-27T01:58:21.317Z"}
{"level":"info","message":"Initializing Azure Queue Service Client","service":"signatrust-backend","timestamp":"2024-07-28T02:22:00.793Z"}
{"level":"info","message":"Veramo agent initialized successfully for strict identity mobility","service":"signatrust-backend","timestamp":"2024-07-28T02:22:01.129Z"}
{"level":"info","message":"Initializing Solana connection with URL: https://api.testnet.solana.com","service":"signatrust-backend","timestamp":"2024-07-28T02:22:01.133Z"}
{"level":"info","message":"Initializing Solana connection with URL: https://api.testnet.solana.com","service":"signatrust-backend","timestamp":"2024-07-28T02:22:01.143Z"}
{"level":"info","message":"Server is running on port 3000","service":"signatrust-backend","timestamp":"2024-07-28T02:22:01.338Z"}
{"level":"info","message":"Database connection initialized successfully","service":"signatrust-backend","timestamp":"2024-07-28T02:22:01.532Z"}
{"level":"info","message":"Azure Queue \"identity-tasks\" is ready","service":"signatrust-backend","timestamp":"2024-07-28T02:22:01.579Z"}
{"level":"info","message":"[2024-07-28T02:22:25.569Z] POST /api/identity/create","service":"signatrust-backend","timestamp":"2024-07-28T02:22:25.569Z"}
{"accept":"application/json, text/plain, */*","accept-encoding":"gzip, deflate, br, zstd","accept-language":"en-US,en;q=0.9","connection":"keep-alive","content-length":"57","content-type":"application/json","cookie":"authjs.csrf-token=21c7ad39f67f3dc00a737fd6a485ba9aa50a70862cae5015c982e0c41abab19c%7C491e94fa19647ec7c722db23b30a457e6b836ef380817dc31a49cbd15bea7d76; authjs.callback-url=http%3A%2F%2Flocalhost%3A3000%2Fmember; next-auth.csrf-token=c354a0cab6776c584dfd9697229b69853c7bc9f9c4c8985db9a473e4911fa73a%7Cac1ff61263a82a18a35410adcc3f9e869135277bdf99f85d40d23bde5bed1321; next-auth.callback-url=http%3A%2F%2Flocalhost%3A3000%2Faboutus; connect.sid=s%3AVCanfU5ACBe39qx29v-LVHKppw8y2Xn0.u3QAoFCYxkcfJq%2BxCgESsknC8UkwuaOQi9MgpFw3Bf0","host":"localhost:3000","level":"info","message":"Request headers:","origin":"http://localhost:3001","referer":"http://localhost:3001/","sec-ch-ua":"\"Not/A)Brand\";v=\"8\", \"Chromium\";v=\"126\", \"Google Chrome\";v=\"126\"","sec-ch-ua-mobile":"?0","sec-ch-ua-platform":"\"Windows\"","sec-fetch-dest":"empty","sec-fetch-mode":"cors","sec-fetch-site":"same-site","service":"signatrust-backend","timestamp":"2024-07-28T02:22:25.571Z","user-agent":"Mozilla/5.0 (Windows NT 10.0; Win64; x64) AppleWebKit/537.36 (KHTML, like Gecko) Chrome/126.0.0.0 Safari/537.36"}
{"did":"did:sol:BnsRB26tRHseWVpSTcRcZeLGooyHurgB46UNr7HkDnMx","level":"info","message":"Solana identity created:","service":"signatrust-backend","timestamp":"2024-07-28T02:22:25.773Z"}
{"error":{},"level":"error","message":"Failed to create identity","service":"signatrust-backend","timestamp":"2024-07-28T02:22:25.778Z"}
{"error":"Failed to create identity: Cannot read properties of undefined (reading '_bn')","level":"error","message":"Error in identity creation route handler","service":"signatrust-backend","stack":"Error: Failed to create identity: Cannot read properties of undefined (reading '_bn')\n    at throwAppError (file:///C:/Source/signatrust_backend/dist/utils/errors.js:10:11)\n    at IdentityService.createIdentity (file:///C:/Source/signatrust_backend/dist/api/identity.mjs:63:19)\n    at async file:///C:/Source/signatrust_backend/dist/routes/identityRoutes.js:23:24","timestamp":"2024-07-28T02:22:25.780Z"}
{"level":"info","message":"Initializing Azure Queue Service Client","service":"signatrust-backend","timestamp":"2024-07-28T02:27:16.526Z"}
{"level":"info","message":"Veramo agent initialized successfully for strict identity mobility","service":"signatrust-backend","timestamp":"2024-07-28T02:27:16.684Z"}
{"level":"info","message":"Initializing Solana connection with URL: https://api.testnet.solana.com","service":"signatrust-backend","timestamp":"2024-07-28T02:27:16.686Z"}
{"level":"info","message":"Initializing Solana connection with URL: https://api.testnet.solana.com","service":"signatrust-backend","timestamp":"2024-07-28T02:27:16.696Z"}
{"level":"info","message":"Server is running on port 3000","service":"signatrust-backend","timestamp":"2024-07-28T02:27:16.826Z"}
{"level":"info","message":"Azure Queue \"identity-tasks\" is ready","service":"signatrust-backend","timestamp":"2024-07-28T02:27:17.176Z"}
{"level":"info","message":"Database connection initialized successfully","service":"signatrust-backend","timestamp":"2024-07-28T02:27:17.218Z"}
{"level":"info","message":"[2024-07-28T02:27:24.702Z] POST /api/identity/create","service":"signatrust-backend","timestamp":"2024-07-28T02:27:24.702Z"}
{"accept":"application/json, text/plain, */*","accept-encoding":"gzip, deflate, br, zstd","accept-language":"en-US,en;q=0.9","connection":"keep-alive","content-length":"57","content-type":"application/json","cookie":"authjs.csrf-token=21c7ad39f67f3dc00a737fd6a485ba9aa50a70862cae5015c982e0c41abab19c%7C491e94fa19647ec7c722db23b30a457e6b836ef380817dc31a49cbd15bea7d76; authjs.callback-url=http%3A%2F%2Flocalhost%3A3000%2Fmember; next-auth.csrf-token=c354a0cab6776c584dfd9697229b69853c7bc9f9c4c8985db9a473e4911fa73a%7Cac1ff61263a82a18a35410adcc3f9e869135277bdf99f85d40d23bde5bed1321; next-auth.callback-url=http%3A%2F%2Flocalhost%3A3000%2Faboutus; connect.sid=s%3AVCanfU5ACBe39qx29v-LVHKppw8y2Xn0.u3QAoFCYxkcfJq%2BxCgESsknC8UkwuaOQi9MgpFw3Bf0","host":"localhost:3000","level":"info","message":"Request headers:","origin":"http://localhost:3001","referer":"http://localhost:3001/","sec-fetch-dest":"empty","sec-fetch-mode":"cors","sec-fetch-site":"same-site","service":"signatrust-backend","timestamp":"2024-07-28T02:27:24.704Z","user-agent":"Mozilla/5.0 (iPhone; CPU iPhone OS 16_6 like Mac OS X) AppleWebKit/605.1.15 (KHTML, like Gecko) Version/16.6 Mobile/15E148 Safari/604.1"}
{"did":"did:sol:395pU3VpkPwrGw4knd6jQymiKCV8yz75kDqJq59T5Tu8","level":"info","message":"Solana identity created:","service":"signatrust-backend","timestamp":"2024-07-28T02:27:24.883Z"}
{"error":{},"level":"error","message":"Failed to create identity","service":"signatrust-backend","timestamp":"2024-07-28T02:27:25.096Z"}
{"error":"Failed to create identity: Signature verification failed.\nMissing signature for public key [`Ehfpvfsg2e22ax88Fgn7FG1YK25ofSkWuEdAm5weEY5G`].","level":"error","message":"Error in identity creation route handler","service":"signatrust-backend","stack":"Error: Failed to create identity: Signature verification failed.\nMissing signature for public key [`Ehfpvfsg2e22ax88Fgn7FG1YK25ofSkWuEdAm5weEY5G`].\n    at throwAppError (file:///C:/Source/signatrust_backend/dist/utils/errors.js:10:11)\n    at IdentityService.createIdentity (file:///C:/Source/signatrust_backend/dist/api/identity.mjs:63:19)\n    at process.processTicksAndRejections (node:internal/process/task_queues:95:5)\n    at async file:///C:/Source/signatrust_backend/dist/routes/identityRoutes.js:23:24","timestamp":"2024-07-28T02:27:25.098Z"}
{"level":"info","message":"Initializing Azure Queue Service Client","service":"signatrust-backend","timestamp":"2024-07-28T02:45:37.000Z"}
{"level":"info","message":"Veramo agent initialized successfully for strict identity mobility","service":"signatrust-backend","timestamp":"2024-07-28T02:45:37.152Z"}
{"level":"info","message":"Initializing Solana connection with URL: https://api.testnet.solana.com","service":"signatrust-backend","timestamp":"2024-07-28T02:45:37.155Z"}
{"level":"info","message":"Initializing Solana connection with URL: https://api.testnet.solana.com","service":"signatrust-backend","timestamp":"2024-07-28T02:45:37.164Z"}
{"level":"info","message":"Server is running on port 3000","service":"signatrust-backend","timestamp":"2024-07-28T02:45:37.294Z"}
{"level":"info","message":"Database connection initialized successfully","service":"signatrust-backend","timestamp":"2024-07-28T02:45:37.411Z"}
{"level":"info","message":"Azure Queue \"identity-tasks\" is ready","service":"signatrust-backend","timestamp":"2024-07-28T02:45:37.454Z"}
{"level":"info","message":"[2024-07-28T02:45:45.182Z] POST /api/identity/create","service":"signatrust-backend","timestamp":"2024-07-28T02:45:45.182Z"}
{"accept":"application/json, text/plain, */*","accept-encoding":"gzip, deflate, br, zstd","accept-language":"en-US,en;q=0.9","connection":"keep-alive","content-length":"65","content-type":"application/json","cookie":"authjs.csrf-token=21c7ad39f67f3dc00a737fd6a485ba9aa50a70862cae5015c982e0c41abab19c%7C491e94fa19647ec7c722db23b30a457e6b836ef380817dc31a49cbd15bea7d76; authjs.callback-url=http%3A%2F%2Flocalhost%3A3000%2Fmember; next-auth.csrf-token=c354a0cab6776c584dfd9697229b69853c7bc9f9c4c8985db9a473e4911fa73a%7Cac1ff61263a82a18a35410adcc3f9e869135277bdf99f85d40d23bde5bed1321; next-auth.callback-url=http%3A%2F%2Flocalhost%3A3000%2Faboutus; connect.sid=s%3AVCanfU5ACBe39qx29v-LVHKppw8y2Xn0.u3QAoFCYxkcfJq%2BxCgESsknC8UkwuaOQi9MgpFw3Bf0","host":"localhost:3000","level":"info","message":"Request headers:","origin":"http://localhost:3001","referer":"http://localhost:3001/","sec-fetch-dest":"empty","sec-fetch-mode":"cors","sec-fetch-site":"same-site","service":"signatrust-backend","timestamp":"2024-07-28T02:45:45.184Z","user-agent":"Mozilla/5.0 (iPhone; CPU iPhone OS 16_6 like Mac OS X) AppleWebKit/605.1.15 (KHTML, like Gecko) Version/16.6 Mobile/15E148 Safari/604.1"}
{"did":"did:sol:BQz9LCror9faxGyRKJNWRQyxsPjmrqjh28LyGaVBqEvH","level":"info","message":"Solana identity created:","service":"signatrust-backend","timestamp":"2024-07-28T02:45:45.354Z"}
{"error":{},"level":"error","message":"Failed to create identity","service":"signatrust-backend","timestamp":"2024-07-28T02:45:46.578Z"}
{"error":"Failed to create identity: Signature verification failed.\nMissing signature for public key [`Ehfpvfsg2e22ax88Fgn7FG1YK25ofSkWuEdAm5weEY5G`].","level":"error","message":"Error in identity creation route handler","service":"signatrust-backend","stack":"Error: Failed to create identity: Signature verification failed.\nMissing signature for public key [`Ehfpvfsg2e22ax88Fgn7FG1YK25ofSkWuEdAm5weEY5G`].\n    at throwAppError (file:///C:/Source/signatrust_backend/dist/utils/errors.js:10:11)\n    at IdentityService.createIdentity (file:///C:/Source/signatrust_backend/dist/api/identity.mjs:63:19)\n    at process.processTicksAndRejections (node:internal/process/task_queues:95:5)\n    at async file:///C:/Source/signatrust_backend/dist/routes/identityRoutes.js:23:24","timestamp":"2024-07-28T02:45:46.580Z"}
{"level":"info","message":"[2024-07-28T13:24:03.828Z] POST /api/identity/create","service":"signatrust-backend","timestamp":"2024-07-28T13:24:03.828Z"}
{"accept":"application/json, text/plain, */*","accept-encoding":"gzip, deflate, br, zstd","accept-language":"en-US,en;q=0.9","connection":"keep-alive","content-length":"57","content-type":"application/json","cookie":"authjs.csrf-token=21c7ad39f67f3dc00a737fd6a485ba9aa50a70862cae5015c982e0c41abab19c%7C491e94fa19647ec7c722db23b30a457e6b836ef380817dc31a49cbd15bea7d76; authjs.callback-url=http%3A%2F%2Flocalhost%3A3000%2Fmember; next-auth.csrf-token=c354a0cab6776c584dfd9697229b69853c7bc9f9c4c8985db9a473e4911fa73a%7Cac1ff61263a82a18a35410adcc3f9e869135277bdf99f85d40d23bde5bed1321; next-auth.callback-url=http%3A%2F%2Flocalhost%3A3000%2Faboutus; connect.sid=s%3AVCanfU5ACBe39qx29v-LVHKppw8y2Xn0.u3QAoFCYxkcfJq%2BxCgESsknC8UkwuaOQi9MgpFw3Bf0","host":"localhost:3000","level":"info","message":"Request headers:","origin":"http://localhost:3001","referer":"http://localhost:3001/","sec-fetch-dest":"empty","sec-fetch-mode":"cors","sec-fetch-site":"same-site","service":"signatrust-backend","timestamp":"2024-07-28T13:24:03.831Z","user-agent":"Mozilla/5.0 (iPhone; CPU iPhone OS 16_6 like Mac OS X) AppleWebKit/605.1.15 (KHTML, like Gecko) Version/16.6 Mobile/15E148 Safari/604.1"}
{"did":"did:sol:H5RY77RJvSM3FXy52mfv7dwb185QDKCjXQvc4hqcoDd2","level":"info","message":"Solana identity created:","service":"signatrust-backend","timestamp":"2024-07-28T13:24:03.851Z"}
{"error":{},"level":"error","message":"Failed to create identity","service":"signatrust-backend","timestamp":"2024-07-28T13:24:11.541Z"}
{"error":"Failed to create identity: Signature verification failed.\nMissing signature for public key [`Ehfpvfsg2e22ax88Fgn7FG1YK25ofSkWuEdAm5weEY5G`].","level":"error","message":"Error in identity creation route handler","service":"signatrust-backend","stack":"Error: Failed to create identity: Signature verification failed.\nMissing signature for public key [`Ehfpvfsg2e22ax88Fgn7FG1YK25ofSkWuEdAm5weEY5G`].\n    at throwAppError (file:///C:/Source/signatrust_backend/dist/utils/errors.js:10:11)\n    at IdentityService.createIdentity (file:///C:/Source/signatrust_backend/dist/api/identity.mjs:63:19)\n    at process.processTicksAndRejections (node:internal/process/task_queues:95:5)\n    at async file:///C:/Source/signatrust_backend/dist/routes/identityRoutes.js:23:24","timestamp":"2024-07-28T13:24:11.543Z"}
{"level":"info","message":"Initializing Azure Queue Service Client","service":"signatrust-backend","timestamp":"2024-07-29T14:25:08.850Z"}
{"level":"info","message":"Veramo agent initialized successfully for strict identity mobility","service":"signatrust-backend","timestamp":"2024-07-29T14:25:09.058Z"}
{"level":"info","message":"Initializing Solana connection with URL: https://api.testnet.solana.com","service":"signatrust-backend","timestamp":"2024-07-29T14:25:09.061Z"}
{"level":"info","message":"Initializing Solana connection with URL: https://api.testnet.solana.com","service":"signatrust-backend","timestamp":"2024-07-29T14:25:09.079Z"}
{"level":"info","message":"Server is running on port 3000","service":"signatrust-backend","timestamp":"2024-07-29T14:25:09.265Z"}
{"level":"info","message":"Database connection initialized successfully","service":"signatrust-backend","timestamp":"2024-07-29T14:25:09.389Z"}
{"level":"info","message":"Azure Queue \"identity-tasks\" is ready","service":"signatrust-backend","timestamp":"2024-07-29T14:25:09.564Z"}
{"level":"info","message":"[2024-07-29T14:25:13.824Z] POST /api/identity/create","service":"signatrust-backend","timestamp":"2024-07-29T14:25:13.824Z"}
{"accept":"application/json, text/plain, */*","accept-encoding":"gzip, deflate, br, zstd","accept-language":"en-US,en;q=0.9","connection":"keep-alive","content-length":"65","content-type":"application/json","cookie":"authjs.csrf-token=21c7ad39f67f3dc00a737fd6a485ba9aa50a70862cae5015c982e0c41abab19c%7C491e94fa19647ec7c722db23b30a457e6b836ef380817dc31a49cbd15bea7d76; authjs.callback-url=http%3A%2F%2Flocalhost%3A3000%2Fmember; next-auth.csrf-token=c354a0cab6776c584dfd9697229b69853c7bc9f9c4c8985db9a473e4911fa73a%7Cac1ff61263a82a18a35410adcc3f9e869135277bdf99f85d40d23bde5bed1321; next-auth.callback-url=http%3A%2F%2Flocalhost%3A3000%2Faboutus; connect.sid=s%3AVCanfU5ACBe39qx29v-LVHKppw8y2Xn0.u3QAoFCYxkcfJq%2BxCgESsknC8UkwuaOQi9MgpFw3Bf0","host":"localhost:3000","level":"info","message":"Request headers:","origin":"http://localhost:3001","referer":"http://localhost:3001/","sec-fetch-dest":"empty","sec-fetch-mode":"cors","sec-fetch-site":"same-site","service":"signatrust-backend","timestamp":"2024-07-29T14:25:13.826Z","user-agent":"Mozilla/5.0 (iPhone; CPU iPhone OS 16_6 like Mac OS X) AppleWebKit/605.1.15 (KHTML, like Gecko) Version/16.6 Mobile/15E148 Safari/604.1"}
{"did":"did:sol:Ar5bvz6S2oQsmufDHb9YfdPdHqzSx2TDuQNjb7WwZxc8","level":"info","message":"Solana identity created:","service":"signatrust-backend","timestamp":"2024-07-29T14:25:14.039Z"}
{"error":{},"level":"error","message":"Failed to create identity","service":"signatrust-backend","timestamp":"2024-07-29T14:25:14.358Z"}
{"error":"Failed to create identity: Signature verification failed.\nMissing signature for public key [`Ehfpvfsg2e22ax88Fgn7FG1YK25ofSkWuEdAm5weEY5G`].","level":"error","message":"Error in identity creation route handler","service":"signatrust-backend","stack":"Error: Failed to create identity: Signature verification failed.\nMissing signature for public key [`Ehfpvfsg2e22ax88Fgn7FG1YK25ofSkWuEdAm5weEY5G`].\n    at throwAppError (file:///C:/Source/signatrust_backend/dist/utils/errors.js:10:11)\n    at IdentityService.createIdentity (file:///C:/Source/signatrust_backend/dist/api/identity.mjs:63:19)\n    at process.processTicksAndRejections (node:internal/process/task_queues:95:5)\n    at async file:///C:/Source/signatrust_backend/dist/routes/identityRoutes.js:23:24","timestamp":"2024-07-29T14:25:14.360Z"}
{"level":"info","message":"Initializing Azure Queue Service Client","service":"signatrust-backend","timestamp":"2024-07-29T14:51:02.936Z"}
{"level":"info","message":"Veramo agent initialized successfully for strict identity mobility","service":"signatrust-backend","timestamp":"2024-07-29T14:51:03.326Z"}
{"level":"info","message":"Initializing Solana connection with URL: https://api.testnet.solana.com","service":"signatrust-backend","timestamp":"2024-07-29T14:51:03.332Z"}
{"level":"info","message":"Initializing Solana connection with URL: https://api.testnet.solana.com","service":"signatrust-backend","timestamp":"2024-07-29T14:51:03.409Z"}
{"level":"info","message":"Server is running on port 3000","service":"signatrust-backend","timestamp":"2024-07-29T14:51:03.837Z"}
{"level":"info","message":"Azure Queue \"identity-tasks\" is ready","service":"signatrust-backend","timestamp":"2024-07-29T14:51:04.401Z"}
{"level":"info","message":"Database connection initialized successfully","service":"signatrust-backend","timestamp":"2024-07-29T14:51:04.434Z"}
{"level":"info","message":"[2024-07-29T14:51:22.546Z] POST /api/identity/create","service":"signatrust-backend","timestamp":"2024-07-29T14:51:22.546Z"}
{"accept":"application/json, text/plain, */*","accept-encoding":"gzip, deflate, br, zstd","accept-language":"en-US,en;q=0.9","connection":"keep-alive","content-length":"57","content-type":"application/json","cookie":"authjs.csrf-token=21c7ad39f67f3dc00a737fd6a485ba9aa50a70862cae5015c982e0c41abab19c%7C491e94fa19647ec7c722db23b30a457e6b836ef380817dc31a49cbd15bea7d76; authjs.callback-url=http%3A%2F%2Flocalhost%3A3000%2Fmember; next-auth.csrf-token=c354a0cab6776c584dfd9697229b69853c7bc9f9c4c8985db9a473e4911fa73a%7Cac1ff61263a82a18a35410adcc3f9e869135277bdf99f85d40d23bde5bed1321; next-auth.callback-url=http%3A%2F%2Flocalhost%3A3000%2Faboutus; connect.sid=s%3AVCanfU5ACBe39qx29v-LVHKppw8y2Xn0.u3QAoFCYxkcfJq%2BxCgESsknC8UkwuaOQi9MgpFw3Bf0","host":"localhost:3000","level":"info","message":"Request headers:","origin":"http://localhost:3001","referer":"http://localhost:3001/","sec-fetch-dest":"empty","sec-fetch-mode":"cors","sec-fetch-site":"same-site","service":"signatrust-backend","timestamp":"2024-07-29T14:51:22.551Z","user-agent":"Mozilla/5.0 (iPhone; CPU iPhone OS 16_6 like Mac OS X) AppleWebKit/605.1.15 (KHTML, like Gecko) Version/16.6 Mobile/15E148 Safari/604.1"}
{"did":"did:sol:FDXTC4vrmVcwuDYaJQpPPkp51o9Zj1wzuhNAQzCC93P4","level":"info","message":"Solana identity created:","service":"signatrust-backend","timestamp":"2024-07-29T14:51:22.824Z"}
{"error":{},"level":"error","message":"Failed to create identity","service":"signatrust-backend","timestamp":"2024-07-29T14:51:23.073Z"}
{"error":"Failed to create identity: Signature verification failed.\nMissing signature for public key [`Ehfpvfsg2e22ax88Fgn7FG1YK25ofSkWuEdAm5weEY5G`].","level":"error","message":"Error in identity creation route handler","service":"signatrust-backend","stack":"Error: Failed to create identity: Signature verification failed.\nMissing signature for public key [`Ehfpvfsg2e22ax88Fgn7FG1YK25ofSkWuEdAm5weEY5G`].\n    at throwAppError (file:///C:/Source/signatrust_backend/dist/utils/errors.js:10:11)\n    at IdentityService.createIdentity (file:///C:/Source/signatrust_backend/dist/api/identity.mjs:63:19)\n    at process.processTicksAndRejections (node:internal/process/task_queues:95:5)\n    at async file:///C:/Source/signatrust_backend/dist/routes/identityRoutes.js:23:24","timestamp":"2024-07-29T14:51:23.076Z"}
{"level":"info","message":"Initializing Azure Queue Service Client","service":"signatrust-backend","timestamp":"2024-07-29T14:57:17.857Z"}
{"level":"info","message":"Veramo agent initialized successfully for strict identity mobility","service":"signatrust-backend","timestamp":"2024-07-29T14:57:18.245Z"}
{"level":"info","message":"Initializing Solana connection with URL: https://api.testnet.solana.com","service":"signatrust-backend","timestamp":"2024-07-29T14:57:18.249Z"}
{"level":"info","message":"Initializing Solana connection with URL: https://api.testnet.solana.com","service":"signatrust-backend","timestamp":"2024-07-29T14:57:18.262Z"}
{"level":"info","message":"Server is running on port 3000","service":"signatrust-backend","timestamp":"2024-07-29T14:57:18.643Z"}
{"level":"info","message":"Azure Queue \"identity-tasks\" is ready","service":"signatrust-backend","timestamp":"2024-07-29T14:57:18.892Z"}
{"level":"info","message":"Database connection initialized successfully","service":"signatrust-backend","timestamp":"2024-07-29T14:57:18.973Z"}
{"level":"info","message":"[2024-07-29T14:59:28.574Z] POST /api/identity/create","service":"signatrust-backend","timestamp":"2024-07-29T14:59:28.574Z"}
{"accept":"application/json, text/plain, */*","accept-encoding":"gzip, deflate, br, zstd","accept-language":"en-US,en;q=0.9","connection":"keep-alive","content-length":"65","content-type":"application/json","cookie":"authjs.csrf-token=21c7ad39f67f3dc00a737fd6a485ba9aa50a70862cae5015c982e0c41abab19c%7C491e94fa19647ec7c722db23b30a457e6b836ef380817dc31a49cbd15bea7d76; authjs.callback-url=http%3A%2F%2Flocalhost%3A3000%2Fmember; next-auth.csrf-token=c354a0cab6776c584dfd9697229b69853c7bc9f9c4c8985db9a473e4911fa73a%7Cac1ff61263a82a18a35410adcc3f9e869135277bdf99f85d40d23bde5bed1321; next-auth.callback-url=http%3A%2F%2Flocalhost%3A3000%2Faboutus; connect.sid=s%3AVCanfU5ACBe39qx29v-LVHKppw8y2Xn0.u3QAoFCYxkcfJq%2BxCgESsknC8UkwuaOQi9MgpFw3Bf0","host":"localhost:3000","level":"info","message":"Request headers:","origin":"http://localhost:3001","referer":"http://localhost:3001/","sec-fetch-dest":"empty","sec-fetch-mode":"cors","sec-fetch-site":"same-site","service":"signatrust-backend","timestamp":"2024-07-29T14:59:28.575Z","user-agent":"Mozilla/5.0 (iPhone; CPU iPhone OS 16_6 like Mac OS X) AppleWebKit/605.1.15 (KHTML, like Gecko) Version/16.6 Mobile/15E148 Safari/604.1"}
{"did":"did:sol:EhLyPQ4Zzw4f3JTNo4yXs55mcixpQgx5ekkfR5WUgNZ9","level":"info","message":"Solana identity created:","service":"signatrust-backend","timestamp":"2024-07-29T14:59:28.788Z"}
{"error":{},"level":"error","message":"Failed to create identity","service":"signatrust-backend","timestamp":"2024-07-29T14:59:29.028Z"}
{"error":"Failed to create identity: Signature verification failed.\nMissing signature for public key [`Ehfpvfsg2e22ax88Fgn7FG1YK25ofSkWuEdAm5weEY5G`].","level":"error","message":"Error in identity creation route handler","service":"signatrust-backend","stack":"Error: Failed to create identity: Signature verification failed.\nMissing signature for public key [`Ehfpvfsg2e22ax88Fgn7FG1YK25ofSkWuEdAm5weEY5G`].\n    at throwAppError (file:///C:/Source/signatrust_backend/dist/utils/errors.js:10:11)\n    at IdentityService.createIdentity (file:///C:/Source/signatrust_backend/dist/api/identity.mjs:63:19)\n    at process.processTicksAndRejections (node:internal/process/task_queues:95:5)\n    at async file:///C:/Source/signatrust_backend/dist/routes/identityRoutes.js:23:24","timestamp":"2024-07-29T14:59:29.030Z"}
{"level":"info","message":"Initializing Azure Queue Service Client","service":"signatrust-backend","timestamp":"2024-07-29T15:17:54.540Z"}
{"level":"info","message":"Veramo agent initialized successfully for strict identity mobility","service":"signatrust-backend","timestamp":"2024-07-29T15:17:54.806Z"}
{"level":"info","message":"Initializing Solana connection with URL: https://api.testnet.solana.com","service":"signatrust-backend","timestamp":"2024-07-29T15:17:54.810Z"}
{"level":"info","message":"Initializing Solana connection with URL: https://api.testnet.solana.com","service":"signatrust-backend","timestamp":"2024-07-29T15:17:54.828Z"}
{"level":"info","message":"Server is running on port 3000","service":"signatrust-backend","timestamp":"2024-07-29T15:17:55.055Z"}
{"level":"info","message":"Database connection initialized successfully","service":"signatrust-backend","timestamp":"2024-07-29T15:17:55.197Z"}
{"level":"info","message":"Azure Queue \"identity-tasks\" is ready","service":"signatrust-backend","timestamp":"2024-07-29T15:17:55.287Z"}
{"level":"info","message":"[2024-07-29T15:18:25.121Z] POST /api/identity/create","service":"signatrust-backend","timestamp":"2024-07-29T15:18:25.121Z"}
{"accept":"application/json, text/plain, */*","accept-encoding":"gzip, deflate, br, zstd","accept-language":"en-US,en;q=0.9","connection":"keep-alive","content-length":"62","content-type":"application/json","cookie":"authjs.csrf-token=21c7ad39f67f3dc00a737fd6a485ba9aa50a70862cae5015c982e0c41abab19c%7C491e94fa19647ec7c722db23b30a457e6b836ef380817dc31a49cbd15bea7d76; authjs.callback-url=http%3A%2F%2Flocalhost%3A3000%2Fmember; next-auth.csrf-token=c354a0cab6776c584dfd9697229b69853c7bc9f9c4c8985db9a473e4911fa73a%7Cac1ff61263a82a18a35410adcc3f9e869135277bdf99f85d40d23bde5bed1321; next-auth.callback-url=http%3A%2F%2Flocalhost%3A3000%2Faboutus; connect.sid=s%3AVCanfU5ACBe39qx29v-LVHKppw8y2Xn0.u3QAoFCYxkcfJq%2BxCgESsknC8UkwuaOQi9MgpFw3Bf0","host":"localhost:3000","level":"info","message":"Request headers:","origin":"http://localhost:3001","referer":"http://localhost:3001/","sec-fetch-dest":"empty","sec-fetch-mode":"cors","sec-fetch-site":"same-site","service":"signatrust-backend","timestamp":"2024-07-29T15:18:25.123Z","user-agent":"Mozilla/5.0 (iPhone; CPU iPhone OS 16_6 like Mac OS X) AppleWebKit/605.1.15 (KHTML, like Gecko) Version/16.6 Mobile/15E148 Safari/604.1"}
{"did":"did:sol:BU5hJo2TaCbp9BpVRLWjww9bDGjH6hUUQcgmJyW5KHi9","level":"info","message":"Solana identity created:","service":"signatrust-backend","timestamp":"2024-07-29T15:18:25.403Z"}
{"error":{},"level":"error","message":"Failed to create identity","service":"signatrust-backend","timestamp":"2024-07-29T15:18:26.092Z"}
{"error":"Failed to create identity: Signature verification failed.\nMissing signature for public key [`Ehfpvfsg2e22ax88Fgn7FG1YK25ofSkWuEdAm5weEY5G`].","level":"error","message":"Error in identity creation route handler","service":"signatrust-backend","stack":"Error: Failed to create identity: Signature verification failed.\nMissing signature for public key [`Ehfpvfsg2e22ax88Fgn7FG1YK25ofSkWuEdAm5weEY5G`].\n    at throwAppError (file:///C:/Source/signatrust_backend/dist/utils/errors.js:10:11)\n    at IdentityService.createIdentity (file:///C:/Source/signatrust_backend/dist/api/identity.mjs:63:19)\n    at process.processTicksAndRejections (node:internal/process/task_queues:95:5)\n    at async file:///C:/Source/signatrust_backend/dist/routes/identityRoutes.js:23:24","timestamp":"2024-07-29T15:18:26.094Z"}
{"level":"info","message":"Initializing Azure Queue Service Client","service":"signatrust-backend","timestamp":"2024-07-29T16:20:48.465Z"}
{"level":"info","message":"Veramo agent initialized successfully for strict identity mobility","service":"signatrust-backend","timestamp":"2024-07-29T16:20:48.656Z"}
{"level":"info","message":"Initializing Solana connection with URL: https://api.testnet.solana.com","service":"signatrust-backend","timestamp":"2024-07-29T16:20:48.659Z"}
{"level":"info","message":"Initializing Solana connection with URL: https://api.testnet.solana.com","service":"signatrust-backend","timestamp":"2024-07-29T16:20:48.669Z"}
{"level":"info","message":"Server is running on port 3000","service":"signatrust-backend","timestamp":"2024-07-29T16:20:48.816Z"}
{"level":"info","message":"Database connection initialized successfully","service":"signatrust-backend","timestamp":"2024-07-29T16:20:48.971Z"}
{"level":"info","message":"Azure Queue \"identity-tasks\" is ready","service":"signatrust-backend","timestamp":"2024-07-29T16:20:49.012Z"}
{"level":"info","message":"[2024-07-29T16:21:04.197Z] POST /api/identity/create","service":"signatrust-backend","timestamp":"2024-07-29T16:21:04.197Z"}
{"accept":"application/json, text/plain, */*","accept-encoding":"gzip, deflate, br, zstd","accept-language":"en-US,en;q=0.9","connection":"keep-alive","content-length":"65","content-type":"application/json","cookie":"authjs.csrf-token=21c7ad39f67f3dc00a737fd6a485ba9aa50a70862cae5015c982e0c41abab19c%7C491e94fa19647ec7c722db23b30a457e6b836ef380817dc31a49cbd15bea7d76; authjs.callback-url=http%3A%2F%2Flocalhost%3A3000%2Fmember; next-auth.csrf-token=c354a0cab6776c584dfd9697229b69853c7bc9f9c4c8985db9a473e4911fa73a%7Cac1ff61263a82a18a35410adcc3f9e869135277bdf99f85d40d23bde5bed1321; next-auth.callback-url=http%3A%2F%2Flocalhost%3A3000%2Faboutus; connect.sid=s%3AVCanfU5ACBe39qx29v-LVHKppw8y2Xn0.u3QAoFCYxkcfJq%2BxCgESsknC8UkwuaOQi9MgpFw3Bf0","host":"localhost:3000","level":"info","message":"Request headers:","origin":"http://localhost:3001","referer":"http://localhost:3001/","sec-fetch-dest":"empty","sec-fetch-mode":"cors","sec-fetch-site":"same-site","service":"signatrust-backend","timestamp":"2024-07-29T16:21:04.199Z","user-agent":"Mozilla/5.0 (iPhone; CPU iPhone OS 16_6 like Mac OS X) AppleWebKit/605.1.15 (KHTML, like Gecko) Version/16.6 Mobile/15E148 Safari/604.1"}
{"level":"info","message":"Received create identity request","service":"signatrust-backend","timestamp":"2024-07-29T16:21:04.207Z"}
{"did":"did:sol:5WfTTBiV2pUCVwMpJdswbWctcL6y49ts9KKrVhdRoLvF","level":"info","message":"Solana identity created:","service":"signatrust-backend","timestamp":"2024-07-29T16:21:04.416Z"}
{"error":{},"level":"error","message":"Failed to create identity","service":"signatrust-backend","timestamp":"2024-07-29T16:21:13.400Z"}
{"error":"Failed to create identity: Signature verification failed.\nMissing signature for public key [`Ehfpvfsg2e22ax88Fgn7FG1YK25ofSkWuEdAm5weEY5G`].","level":"error","message":"Error in identity creation route handler","service":"signatrust-backend","stack":"Error: Failed to create identity: Signature verification failed.\nMissing signature for public key [`Ehfpvfsg2e22ax88Fgn7FG1YK25ofSkWuEdAm5weEY5G`].\n    at throwAppError (file:///C:/Source/signatrust_backend/dist/utils/errors.js:10:11)\n    at IdentityService.createIdentity (file:///C:/Source/signatrust_backend/dist/api/identity.mjs:63:19)\n    at process.processTicksAndRejections (node:internal/process/task_queues:95:5)\n    at async file:///C:/Source/signatrust_backend/dist/routes/identityRoutes.js:24:24","timestamp":"2024-07-29T16:21:13.402Z"}
{"level":"info","message":"Initializing Azure Queue Service Client","service":"signatrust-backend","timestamp":"2024-07-29T19:11:01.297Z"}
{"level":"info","message":"Veramo agent initialized successfully for strict identity mobility","service":"signatrust-backend","timestamp":"2024-07-29T19:11:01.484Z"}
{"level":"info","message":"Initializing Solana connection with URL: https://api.testnet.solana.com","service":"signatrust-backend","timestamp":"2024-07-29T19:11:01.487Z"}
{"level":"info","message":"Initializing Solana connection with URL: https://api.testnet.solana.com","service":"signatrust-backend","timestamp":"2024-07-29T19:11:01.494Z"}
{"level":"info","message":"Server is running on port 3000","service":"signatrust-backend","timestamp":"2024-07-29T19:11:01.676Z"}
{"level":"info","message":"Database connection initialized successfully","service":"signatrust-backend","timestamp":"2024-07-29T19:11:01.827Z"}
{"level":"info","message":"Azure Queue \"identity-tasks\" is ready","service":"signatrust-backend","timestamp":"2024-07-29T19:11:01.912Z"}
{"level":"info","message":"[2024-07-29T19:11:10.351Z] POST /api/identity/create","service":"signatrust-backend","timestamp":"2024-07-29T19:11:10.352Z"}
{"accept":"application/json, text/plain, */*","accept-encoding":"gzip, deflate, br, zstd","accept-language":"en-US,en;q=0.9","connection":"keep-alive","content-length":"65","content-type":"application/json","cookie":"authjs.csrf-token=21c7ad39f67f3dc00a737fd6a485ba9aa50a70862cae5015c982e0c41abab19c%7C491e94fa19647ec7c722db23b30a457e6b836ef380817dc31a49cbd15bea7d76; authjs.callback-url=http%3A%2F%2Flocalhost%3A3000%2Fmember; next-auth.csrf-token=c354a0cab6776c584dfd9697229b69853c7bc9f9c4c8985db9a473e4911fa73a%7Cac1ff61263a82a18a35410adcc3f9e869135277bdf99f85d40d23bde5bed1321; next-auth.callback-url=http%3A%2F%2Flocalhost%3A3000%2Faboutus; connect.sid=s%3AVCanfU5ACBe39qx29v-LVHKppw8y2Xn0.u3QAoFCYxkcfJq%2BxCgESsknC8UkwuaOQi9MgpFw3Bf0","host":"localhost:3000","level":"info","message":"Request headers:","origin":"http://localhost:3001","referer":"http://localhost:3001/","sec-fetch-dest":"empty","sec-fetch-mode":"cors","sec-fetch-site":"same-site","service":"signatrust-backend","timestamp":"2024-07-29T19:11:10.371Z","user-agent":"Mozilla/5.0 (iPhone; CPU iPhone OS 16_6 like Mac OS X) AppleWebKit/605.1.15 (KHTML, like Gecko) Version/16.6 Mobile/15E148 Safari/604.1"}
{"level":"info","message":"Received create identity request","service":"signatrust-backend","timestamp":"2024-07-29T19:11:10.391Z"}
{"did":"did:sol:53GPKXsom9SwL3aLoNYxSde8diFxrQ23W9BuRyrtmkk8","level":"info","message":"Solana identity created:","service":"signatrust-backend","timestamp":"2024-07-29T19:11:10.594Z"}
{"error":{},"level":"error","message":"Failed to create identity","service":"signatrust-backend","timestamp":"2024-07-29T19:11:16.721Z"}
{"error":"Failed to create identity: Signature verification failed.\nMissing signature for public key [`8KUgsdWhfJZHXw1wA1APn9qgF1TQch4BsuYCCGFHNRxb`].","level":"error","message":"Error in identity creation route handler","service":"signatrust-backend","stack":"Error: Failed to create identity: Signature verification failed.\nMissing signature for public key [`8KUgsdWhfJZHXw1wA1APn9qgF1TQch4BsuYCCGFHNRxb`].\n    at throwAppError (file:///C:/Source/signatrust_backend/dist/utils/errors.js:10:11)\n    at IdentityService.createIdentity (file:///C:/Source/signatrust_backend/dist/api/identity.mjs:63:19)\n    at process.processTicksAndRejections (node:internal/process/task_queues:95:5)\n    at async file:///C:/Source/signatrust_backend/dist/routes/identityRoutes.js:24:24","timestamp":"2024-07-29T19:11:16.723Z"}
{"level":"info","message":"Initializing Azure Queue Service Client","service":"signatrust-backend","timestamp":"2024-07-29T19:26:55.085Z"}
{"level":"info","message":"Veramo agent initialized successfully for strict identity mobility","service":"signatrust-backend","timestamp":"2024-07-29T19:26:55.312Z"}
{"level":"info","message":"Initializing Solana connection with URL: https://api.testnet.solana.com","service":"signatrust-backend","timestamp":"2024-07-29T19:26:55.316Z"}
{"level":"info","message":"Initializing Solana connection with URL: https://api.testnet.solana.com","service":"signatrust-backend","timestamp":"2024-07-29T19:26:55.352Z"}
{"level":"info","message":"Server is running on port 3000","service":"signatrust-backend","timestamp":"2024-07-29T19:26:55.584Z"}
{"level":"info","message":"Azure Queue \"identity-tasks\" is ready","service":"signatrust-backend","timestamp":"2024-07-29T19:26:55.849Z"}
{"level":"info","message":"Database connection initialized successfully","service":"signatrust-backend","timestamp":"2024-07-29T19:26:55.890Z"}
{"level":"info","message":"[2024-07-29T19:27:07.176Z] POST /api/identity/create","service":"signatrust-backend","timestamp":"2024-07-29T19:27:07.176Z"}
{"accept":"application/json, text/plain, */*","accept-encoding":"gzip, deflate, br, zstd","accept-language":"en-US,en;q=0.9","connection":"keep-alive","content-length":"65","content-type":"application/json","cookie":"authjs.csrf-token=21c7ad39f67f3dc00a737fd6a485ba9aa50a70862cae5015c982e0c41abab19c%7C491e94fa19647ec7c722db23b30a457e6b836ef380817dc31a49cbd15bea7d76; authjs.callback-url=http%3A%2F%2Flocalhost%3A3000%2Fmember; next-auth.csrf-token=c354a0cab6776c584dfd9697229b69853c7bc9f9c4c8985db9a473e4911fa73a%7Cac1ff61263a82a18a35410adcc3f9e869135277bdf99f85d40d23bde5bed1321; next-auth.callback-url=http%3A%2F%2Flocalhost%3A3000%2Faboutus; connect.sid=s%3AVCanfU5ACBe39qx29v-LVHKppw8y2Xn0.u3QAoFCYxkcfJq%2BxCgESsknC8UkwuaOQi9MgpFw3Bf0","host":"localhost:3000","level":"info","message":"Request headers:","origin":"http://localhost:3001","referer":"http://localhost:3001/","sec-fetch-dest":"empty","sec-fetch-mode":"cors","sec-fetch-site":"same-site","service":"signatrust-backend","timestamp":"2024-07-29T19:27:07.178Z","user-agent":"Mozilla/5.0 (iPhone; CPU iPhone OS 16_6 like Mac OS X) AppleWebKit/605.1.15 (KHTML, like Gecko) Version/16.6 Mobile/15E148 Safari/604.1"}
{"level":"info","message":"Received create identity request","service":"signatrust-backend","timestamp":"2024-07-29T19:27:07.188Z"}
{"did":"did:sol:Hi7oZZGqbunhdSLEusmomD39DhCUxrhqKfDeF3MEPbFz","level":"info","message":"Solana identity created:","service":"signatrust-backend","timestamp":"2024-07-29T19:27:07.543Z"}
{"error":{},"level":"error","message":"Failed to create identity","service":"signatrust-backend","timestamp":"2024-07-29T19:27:18.889Z"}
{"error":"Failed to create identity: Signature verification failed.\nMissing signature for public key [`8KUgsdWhfJZHXw1wA1APn9qgF1TQch4BsuYCCGFHNRxb`].","level":"error","message":"Error in identity creation route handler","service":"signatrust-backend","stack":"Error: Failed to create identity: Signature verification failed.\nMissing signature for public key [`8KUgsdWhfJZHXw1wA1APn9qgF1TQch4BsuYCCGFHNRxb`].\n    at throwAppError (file:///C:/Source/signatrust_backend/dist/utils/errors.js:10:11)\n    at IdentityService.createIdentity (file:///C:/Source/signatrust_backend/dist/api/identity.mjs:63:19)\n    at process.processTicksAndRejections (node:internal/process/task_queues:95:5)\n    at async file:///C:/Source/signatrust_backend/dist/routes/identityRoutes.js:24:24","timestamp":"2024-07-29T19:27:18.891Z"}
{"level":"info","message":"[2024-07-29T20:23:12.281Z] POST /api/identity/create","service":"signatrust-backend","timestamp":"2024-07-29T20:23:12.281Z"}
{"accept":"application/json, text/plain, */*","accept-encoding":"gzip, deflate, br, zstd","accept-language":"en-US,en;q=0.9","connection":"keep-alive","content-length":"65","content-type":"application/json","cookie":"authjs.csrf-token=21c7ad39f67f3dc00a737fd6a485ba9aa50a70862cae5015c982e0c41abab19c%7C491e94fa19647ec7c722db23b30a457e6b836ef380817dc31a49cbd15bea7d76; authjs.callback-url=http%3A%2F%2Flocalhost%3A3000%2Fmember; next-auth.csrf-token=c354a0cab6776c584dfd9697229b69853c7bc9f9c4c8985db9a473e4911fa73a%7Cac1ff61263a82a18a35410adcc3f9e869135277bdf99f85d40d23bde5bed1321; next-auth.callback-url=http%3A%2F%2Flocalhost%3A3000%2Faboutus; connect.sid=s%3AVCanfU5ACBe39qx29v-LVHKppw8y2Xn0.u3QAoFCYxkcfJq%2BxCgESsknC8UkwuaOQi9MgpFw3Bf0","host":"localhost:3000","level":"info","message":"Request headers:","origin":"http://localhost:3001","referer":"http://localhost:3001/","sec-ch-ua":"\"Not/A)Brand\";v=\"8\", \"Chromium\";v=\"126\", \"Google Chrome\";v=\"126\"","sec-ch-ua-mobile":"?0","sec-ch-ua-platform":"\"Windows\"","sec-fetch-dest":"empty","sec-fetch-mode":"cors","sec-fetch-site":"same-site","service":"signatrust-backend","timestamp":"2024-07-29T20:23:12.297Z","user-agent":"Mozilla/5.0 (Windows NT 10.0; Win64; x64) AppleWebKit/537.36 (KHTML, like Gecko) Chrome/126.0.0.0 Safari/537.36"}
{"level":"info","message":"Received create identity request","service":"signatrust-backend","timestamp":"2024-07-29T20:23:12.303Z"}
{"did":"did:sol:CevdJsnjq2p5NFwhgYkHQj8MPRTCqnJC8cjpxaY46Hcp","level":"info","message":"Solana identity created:","service":"signatrust-backend","timestamp":"2024-07-29T20:23:12.326Z"}
{"error":{},"level":"error","message":"Failed to create identity","service":"signatrust-backend","timestamp":"2024-07-29T20:23:13.112Z"}
{"error":"Failed to create identity: Signature verification failed.\nMissing signature for public key [`8KUgsdWhfJZHXw1wA1APn9qgF1TQch4BsuYCCGFHNRxb`].","level":"error","message":"Error in identity creation route handler","service":"signatrust-backend","stack":"Error: Failed to create identity: Signature verification failed.\nMissing signature for public key [`8KUgsdWhfJZHXw1wA1APn9qgF1TQch4BsuYCCGFHNRxb`].\n    at throwAppError (file:///C:/Source/signatrust_backend/dist/utils/errors.js:10:11)\n    at IdentityService.createIdentity (file:///C:/Source/signatrust_backend/dist/api/identity.mjs:63:19)\n    at process.processTicksAndRejections (node:internal/process/task_queues:95:5)\n    at async file:///C:/Source/signatrust_backend/dist/routes/identityRoutes.js:24:24","timestamp":"2024-07-29T20:23:13.113Z"}
{"level":"info","message":"[2024-07-29T20:23:29.095Z] POST /api/identity/create","service":"signatrust-backend","timestamp":"2024-07-29T20:23:29.095Z"}
{"accept":"application/json, text/plain, */*","accept-encoding":"gzip, deflate, br, zstd","accept-language":"en-US,en;q=0.9","connection":"keep-alive","content-length":"65","content-type":"application/json","cookie":"authjs.csrf-token=21c7ad39f67f3dc00a737fd6a485ba9aa50a70862cae5015c982e0c41abab19c%7C491e94fa19647ec7c722db23b30a457e6b836ef380817dc31a49cbd15bea7d76; authjs.callback-url=http%3A%2F%2Flocalhost%3A3000%2Fmember; next-auth.csrf-token=c354a0cab6776c584dfd9697229b69853c7bc9f9c4c8985db9a473e4911fa73a%7Cac1ff61263a82a18a35410adcc3f9e869135277bdf99f85d40d23bde5bed1321; next-auth.callback-url=http%3A%2F%2Flocalhost%3A3000%2Faboutus; connect.sid=s%3AVCanfU5ACBe39qx29v-LVHKppw8y2Xn0.u3QAoFCYxkcfJq%2BxCgESsknC8UkwuaOQi9MgpFw3Bf0","host":"localhost:3000","level":"info","message":"Request headers:","origin":"http://localhost:3001","referer":"http://localhost:3001/","sec-fetch-dest":"empty","sec-fetch-mode":"cors","sec-fetch-site":"same-site","service":"signatrust-backend","timestamp":"2024-07-29T20:23:29.097Z","user-agent":"Mozilla/5.0 (iPhone; CPU iPhone OS 16_6 like Mac OS X) AppleWebKit/605.1.15 (KHTML, like Gecko) Version/16.6 Mobile/15E148 Safari/604.1"}
{"level":"info","message":"Received create identity request","service":"signatrust-backend","timestamp":"2024-07-29T20:23:29.102Z"}
{"did":"did:sol:FDZHKshX9sLB859E6hDxNLEzxvRTb7f35KA8r91YtkTr","level":"info","message":"Solana identity created:","service":"signatrust-backend","timestamp":"2024-07-29T20:23:29.132Z"}
{"error":{},"level":"error","message":"Failed to create identity","service":"signatrust-backend","timestamp":"2024-07-29T20:23:29.441Z"}
{"error":"Failed to create identity: Signature verification failed.\nMissing signature for public key [`8KUgsdWhfJZHXw1wA1APn9qgF1TQch4BsuYCCGFHNRxb`].","level":"error","message":"Error in identity creation route handler","service":"signatrust-backend","stack":"Error: Failed to create identity: Signature verification failed.\nMissing signature for public key [`8KUgsdWhfJZHXw1wA1APn9qgF1TQch4BsuYCCGFHNRxb`].\n    at throwAppError (file:///C:/Source/signatrust_backend/dist/utils/errors.js:10:11)\n    at IdentityService.createIdentity (file:///C:/Source/signatrust_backend/dist/api/identity.mjs:63:19)\n    at process.processTicksAndRejections (node:internal/process/task_queues:95:5)\n    at async file:///C:/Source/signatrust_backend/dist/routes/identityRoutes.js:24:24","timestamp":"2024-07-29T20:23:29.447Z"}
